season,player_name,position,fantasy_team,bid_amount,season_points,points_per_dollar,value_rank,keeper
2022,Trevor Lawrence,QB,Whos Yurdatty,1,336.44,336.44,1.0,0
2022,Justin Fields,QB,Slim Pickins,1,271.56,271.56,2.0,0
2022,Jamaal Williams,RB,Slim Pickins,1,209.70000000000002,209.70000000000002,3.0,0
2022,Garrett Wilson,WR,Slim Pickins,1,200.79999999999998,200.79999999999998,4.0,0
2022,Jerick McKinnon,RB,Shart City Poo Bums,1,173.2,173.2,5.0,0
2022,Evan Engram,TE,Show Me Dem TDs,1,170.20000000000002,170.20000000000002,6.0,0
2022,Tyler Boyd,WR,Shart City Poo Bums,1,163.02,163.02,7.0,0
2022,Chris Olave,WR,Slim Pickins,1,162.5,162.5,8.0,0
2022,Cowboys D/ST,D/ST,Team Clucker Fuckers,1,152.0,152.0,9.0,0
2022,George Pickens,WR,False Shart,1,150.3,150.3,10.0,0
2022,Tyler Allgeier,RB,Show Me Dem TDs,1,145.9,145.9,11.0,0
2022,Cordarrelle Patterson,RB,False Shart,1,144.8,144.8,12.0,0
2022,Tyler Higbee,TE,D. Adams Family,1,144.70000000000002,144.70000000000002,13.0,0
2022,Jakobi Meyers,WR,Show Me Dem TDs,1,143.1,143.1,14.0,0
2022,49ers D/ST,D/ST,False Shart,1,140.0,140.0,15.0,0
2022,Derek Carr,QB,D. Adams Family,2,273.08,136.54,16.0,0
2022,Graham Gano,K,Show Me Dem TDs,1,136.0,136.0,17.0,0
2022,Cole Kmet,TE,Show Me Dem TDs,1,134.6,134.6,18.0,0
2022,Ravens D/ST,D/ST,Worst Cook,1,126.0,126.0,19.0,0
2022,Michael Carter,RB,Slim Pickins,1,123.5,123.5,20.0,0
2022,Tyler Bass,K,Worst Cook,1,122.0,122.0,21.0,0
2022,Amari Cooper,WR,Kareemin' My Jeans,2,239.9,119.95,22.0,0
2022,Brandon McManus,K,Show Me Dem TDs,1,118.0,118.0,23.0,0
2022,Marquez Valdes-Scantling,WR,Whos Yurdatty,1,116.7,116.7,24.0,0
2022,Noah Fant,TE,Seattle  Ricks ,1,116.6,116.6,25.0,0
2022,Nick Folk,K,Greendale Human Beings,1,115.0,115.0,26.0,0
2022,Kirk Cousins,QB,Seattle  Ricks ,3,342.58,114.19333333333333,27.0,0
2022,Russell Gage,WR,Show Me Dem TDs,1,113.10000000000001,113.10000000000001,28.0,0
2022,Brian Robinson Jr.,RB,Shart City Poo Bums,1,112.7,112.7,29.0,0
2022,Marvin Jones Jr.,WR,Greendale Human Beings,1,112.0,112.0,30.0,0
2022,Khalil Herbert,RB,Greendale Human Beings,1,111.9,111.9,31.0,0
2022,Christian Kirk,WR,Kareemin' My Jeans,2,220.0,110.0,32.0,0
2022,Michael Gallup,WR,Worst Cook,1,103.4,103.4,33.0,0
2022,Saints D/ST,D/ST,Kareemin' My Jeans,1,99.0,99.0,34.0,0
2022,Colts D/ST,D/ST,Show Me Dem TDs,1,99.0,99.0,34.0,0
2022,,,D. Adams Family,1,99.0,99.0,34.0,0
2022,,,Shart City Poo Bums,1,91.60000000000001,91.60000000000001,37.0,0
2022,David Njoku,TE,Slim Pickins,1,90.00000000000001,90.00000000000001,38.0,0
2022,Treylon Burks,WR,D. Adams Family,1,88.2,88.2,39.0,0
2022,Harrison Butker,K,Whos Yurdatty,1,86.0,86.0,40.0,0
2022,Tony Pollard,RB,Seattle  Ricks ,3,255.9,85.3,41.0,0
2022,Dameon Pierce,RB,Kareemin' My Jeans,2,169.4,84.7,42.0,0
2022,,,Team Clucker Fuckers,1,83.0,83.0,43.0,0
2022,DeVonta Smith,WR,Greendale Human Beings,3,241.9,80.63333333333334,44.0,0
2022,Allen Lazard,WR,Greendale Human Beings,2,160.70000000000002,80.35000000000001,45.0,0
2022,Dak Prescott,QB,One-cut Heroes,3,236.88,78.96,46.0,0
2022,DeAndre Hopkins,WR,Seattle  Ricks ,2,151.7,75.85,47.0,0
2022,Raheem Mostert,RB,Greendale Human Beings,2,149.3,74.65,48.0,0
2022,,,D. Adams Family,1,73.5,73.5,49.0,0
2022,Jake Elliott,K,Shart City Poo Bums,1,72.0,72.0,50.0,0
2022,,,Show Me Dem TDs,1,70.0,70.0,51.0,0
2022,,,Shart City Poo Bums,1,65.60000000000001,65.60000000000001,52.0,0
2022,,,Whos Yurdatty,1,65.2,65.2,53.0,0
2022,,,D. Adams Family,1,62.0,62.0,54.0,0
2022,Tua Tagovailoa,QB,Greendale Human Beings,5,300.92,60.184000000000005,55.0,0
2022,Jalen Hurts,QB,Kareemin' My Jeans,7,418.58,59.79714285714285,56.0,0
2022,,,Worst Cook,1,59.5,59.5,57.0,0
2022,,,One-cut Heroes,1,58.0,58.0,58.0,0
2022,Zach Ertz,TE,Kareemin' My Jeans,2,115.60000000000001,57.800000000000004,59.0,0
2022,,,Kareemin' My Jeans,1,56.7,56.7,60.0,0
2022,Aaron Rodgers,QB,Worst Cook,5,281.0,56.2,61.0,0
2022,Jarvis Landry,WR,False Shart,1,53.5,53.5,62.0,0
2022,T.J. Hockenson,TE,One-cut Heroes,4,212.8,53.2,63.0,0
2022,James Cook,RB,Team Clucker Fuckers,1,52.8,52.8,64.0,0
2022,,,Greendale Human Beings,1,51.92,51.92,65.0,0
2022,,,False Shart,1,50.8,50.8,66.0,0
2022,,,Team Clucker Fuckers,2,101.5,50.75,67.0,0
2022,Antonio Gibson,RB,Whos Yurdatty,3,149.2,49.73333333333333,68.0,0
2022,Daniel Carlson,K,Seattle  Ricks ,3,149.0,49.666666666666664,69.0,0
2022,Pat Freiermuth,TE,Kareemin' My Jeans,3,148.2,49.4,70.0,0
2022,Justin Tucker,K,Team Clucker Fuckers,3,145.0,48.333333333333336,71.0,0
2022,Kenneth Gainwell,RB,One-cut Heroes,1,45.7,45.7,72.0,0
2022,Buccaneers D/ST,D/ST,Seattle  Ricks ,2,90.0,45.0,73.0,0
2022,Melvin Gordon III,RB,Slim Pickins,2,87.10000000000001,43.550000000000004,74.0,0
2022,Dallas Goedert,TE,False Shart,3,130.6,43.53333333333333,75.0,0
2022,Chris Godwin,WR,Slim Pickins,5,213.3,42.660000000000004,76.0,0
2022,Bills D/ST,D/ST,Whos Yurdatty,3,126.0,42.0,77.0,0
2022,,,One-cut Heroes,1,41.2,41.2,78.0,0
2022,Josh Jacobs,RB,Worst Cook,8,326.3,40.7875,79.0,0
2022,Travis Etienne Jr.,RB,Kareemin' My Jeans,5,202.7,40.54,80.0,0
2022,Kareem Hunt,RB,Team Clucker Fuckers,3,121.0,40.333333333333336,81.0,0
2022,,,False Shart,1,39.2,39.2,82.0,0
2022,,,D. Adams Family,1,39.2,39.2,82.0,0
2022,Marquise Brown,WR,Worst Cook,4,154.3,38.575,84.0,0
2022,Evan McPherson,K,Kareemin' My Jeans,2,77.0,38.5,85.0,0
2022,Courtland Sutton,WR,Slim Pickins,4,147.10000000000002,36.775000000000006,86.0,0
2022,,,Worst Cook,4,147.08,36.77,87.0,0
2022,,,Greendale Human Beings,1,35.9,35.9,88.0,0
2022,Alexander Mattison,RB,Worst Cook,2,69.4,34.7,89.0,0
2022,,,False Shart,1,34.6,34.6,90.0,0
2022,Adam Thielen,WR,Kareemin' My Jeans,5,170.8,34.160000000000004,91.0,0
2022,,,Seattle  Ricks ,3,102.14,34.04666666666667,92.0,0
2022,,,False Shart,1,34.0,34.0,93.0,0
2022,Kenneth Walker III,RB,Team Clucker Fuckers,6,195.1,32.516666666666666,94.0,0
2022,Drake London,WR,Team Clucker Fuckers,5,160.6,32.12,95.0,0
2022,Tyler Lockett,WR,Seattle  Ricks ,7,222.9,31.842857142857145,96.0,0
2022,,,Shart City Poo Bums,1,31.0,31.0,97.0,0
2022,Jerry Jeudy,WR,Shart City Poo Bums,6,182.9,30.483333333333334,98.0,0
2022,,,Slim Pickins,1,30.0,30.0,99.0,0
2022,Devin Singletary,RB,Slim Pickins,6,175.70000000000002,29.283333333333335,100.0,0
2022,Allen Robinson II,WR,Kareemin' My Jeans,3,84.9,28.3,101.0,0
2022,Brandon Aiyuk,WR,Seattle  Ricks ,8,217.9,27.2375,102.0,0
2022,,,Whos Yurdatty,2,53.400000000000006,26.700000000000003,103.0,0
2022,Amon-Ra St. Brown,WR,Whos Yurdatty,10,256.7,25.669999999999998,104.0,0
2022,DJ Chark,WR,Shart City Poo Bums,1,25.200000000000003,25.200000000000003,105.0,0
2022,,,Slim Pickins,1,24.0,24.0,106.0,0
2022,Rhamondre Stevenson,RB,Whos Yurdatty,10,235.9,23.59,107.0,0
2022,Tom Brady,QB,Team Clucker Fuckers,14,320.3,22.87857142857143,108.0,0
2022,,,One-cut Heroes,3,67.0,22.333333333333332,109.0,0
2022,Commanders D/ST,D/ST,Shart City Poo Bums,1,22.0,22.0,110.0,0
2022,David Montgomery,RB,Team Clucker Fuckers,8,175.6,21.95,111.0,0
2022,Diontae Johnson,WR,Whos Yurdatty,8,172.9,21.6125,112.0,0
2022,Brandin Cooks,WR,Team Clucker Fuckers,6,124.0,20.666666666666668,113.0,0
2022,,,Greendale Human Beings,1,20.0,20.0,114.0,0
2022,Miles Sanders,RB,Worst Cook,11,214.4,19.490909090909092,115.0,0
2022,Joe Burrow,QB,D. Adams Family,22,424.1,19.277272727272727,116.0,0
2022,Gabe Davis,WR,One-cut Heroes,9,170.7,18.966666666666665,117.0,0
2022,Dalton Schultz,TE,Seattle  Ricks ,5,94.7,18.94,118.0,0
2022,,,Seattle  Ricks ,3,54.6,18.2,119.0,0
2022,Dawson Knox,TE,Greendale Human Beings,7,126.4,18.057142857142857,120.0,0
2022,,,Seattle  Ricks ,3,53.2,17.733333333333334,121.0,0
2022,,,One-cut Heroes,9,155.92,17.324444444444442,122.0,0
2022,,,Seattle  Ricks ,8,137.38,17.1725,123.0,0
2022,Mike Gesicki,TE,One-cut Heroes,3,50.7,16.900000000000002,124.0,0
2022,J.K. Dobbins,RB,D. Adams Family,5,81.2,16.240000000000002,125.0,0
2022,,,Greendale Human Beings,4,52.1,13.025,126.0,0
2022,,,False Shart,1,12.46,12.46,127.0,0
2022,Kyler Murray,QB,Show Me Dem TDs,21,228.52,10.881904761904762,128.0,0
2022,Josh Allen,QB,False Shart,43,451.76,10.506046511627908,129.0,0
2022,Saquon Barkley,RB,Seattle  Ricks ,29,284.0,9.793103448275861,130.0,0
2022,A.J. Brown,WR,Kareemin' My Jeans,30,290.1,9.67,131.0,0
2022,DJ Moore,WR,Team Clucker Fuckers,21,200.10000000000002,9.52857142857143,132.0,0
2022,Michael Pittman Jr.,WR,False Shart,22,204.5,9.295454545454545,133.0,0
2022,Patrick Mahomes,QB,Team Clucker Fuckers,54,492.42,9.11888888888889,134.0,0
2022,,,Whos Yurdatty,31,279.08,9.00258064516129,135.0,0
2022,Tyreek Hill,WR,Whos Yurdatty,40,350.9,8.772499999999999,136.0,0
2022,Terry McLaurin,WR,D. Adams Family,25,213.60000000000002,8.544,137.0,0
2022,Jaylen Waddle,WR,Greendale Human Beings,30,255.9,8.53,138.0,0
2022,,,Worst Cook,6,51.1,8.516666666666667,139.0,0
2022,DK Metcalf,WR,Slim Pickins,27,222.8,8.251851851851852,140.0,0
2022,George Kittle,TE,Whos Yurdatty,23,184.6,8.02608695652174,141.0,0
2022,Justin Herbert,QB,Seattle  Ricks ,41,311.44,7.596097560975609,142.0,0
2022,JuJu Smith-Schuster,WR,Show Me Dem TDs,24,181.8,7.575,143.0,0
2022,Mike Williams,WR,Team Clucker Fuckers,23,169.3,7.360869565217392,144.0,0
2022,Stefon Diggs,WR,False Shart,41,297.2,7.248780487804877,145.0,0
2022,Nick Chubb,RB,Greendale Human Beings,37,259.2,7.005405405405405,146.0,0
2022,Austin Ekeler,RB,Seattle  Ricks ,55,366.7,6.667272727272727,147.0,0
2022,Ezekiel Elliott,RB,Show Me Dem TDs,28,184.8,6.6000000000000005,148.0,0
2022,Tee Higgins,WR,D. Adams Family,34,223.2,6.564705882352941,149.0,0
2022,,,One-cut Heroes,15,98.3,6.553333333333333,150.0,0
2022,Darren Waller,TE,Worst Cook,10,65.5,6.55,151.0,0
2022,Davante Adams,WR,D. Adams Family,51,332.2,6.513725490196078,152.0,0
2022,Mike Evans,WR,Slim Pickins,36,233.4,6.483333333333333,153.0,0
2022,James Conner,RB,D. Adams Family,32,200.2,6.25625,154.0,0
2022,Leonard Fournette,RB,Shart City Poo Bums,36,224.70000000000002,6.241666666666667,155.0,0
2022,Aaron Jones,RB,Show Me Dem TDs,39,240.8,6.174358974358975,156.0,0
2022,AJ Dillon,RB,One-cut Heroes,27,161.0,5.962962962962963,157.0,0
2022,Christian McCaffrey,RB,Slim Pickins,59,341.46,5.787457627118644,158.0,0
2022,Travis Kelce,TE,Slim Pickins,53,306.5,5.783018867924528,159.0,0
2022,Cam Akers,RB,D. Adams Family,21,116.9,5.566666666666667,160.0,0
2022,,,Team Clucker Fuckers,22,118.10000000000001,5.368181818181818,161.0,0
2022,D'Andre Swift,RB,False Shart,33,175.5,5.318181818181818,162.0,0
2022,CeeDee Lamb,WR,One-cut Heroes,55,285.40000000000003,5.189090909090909,163.0,0
2022,Justin Jefferson,WR,Shart City Poo Bums,70,362.86,5.183714285714286,164.0,0
2022,Joe Mixon,RB,Worst Cook,43,221.7,5.155813953488372,165.0,0
2022,,,Team Clucker Fuckers,15,75.6,5.04,166.0,0
2022,Dalvin Cook,RB,Worst Cook,49,244.1,4.981632653061224,167.0,0
2022,Elijah Mitchell,RB,Kareemin' My Jeans,6,26.1,4.3500000000000005,168.0,0
2022,,,Show Me Dem TDs,1,4.300000000000001,4.300000000000001,169.0,0
2022,Derrick Henry,RB,Kareemin' My Jeans,69,293.96000000000004,4.260289855072465,170.0,0
2022,Alvin Kamara,RB,False Shart,47,199.7,4.248936170212766,171.0,0
2022,,,Worst Cook,1,4.2,4.2,172.0,0
2022,Ja'Marr Chase,WR,Kareemin' My Jeans,56,223.8,3.9964285714285714,173.0,0
2022,Keenan Allen,WR,Greendale Human Beings,35,133.8,3.8228571428571434,174.0,0
2022,Mark Andrews,TE,Worst Cook,53,190.5,3.5943396226415096,175.0,0
2022,,,One-cut Heroes,3,10.52,3.5066666666666664,176.0,0
2022,Deebo Samuel,WR,Whos Yurdatty,54,167.0,3.0925925925925926,177.0,0
2022,Najee Harris,RB,Greendale Human Beings,69,209.46,3.0356521739130438,178.0,0
2022,Cooper Kupp,WR,Show Me Dem TDs,76,207.4,2.7289473684210526,179.0,0
2022,,,Whos Yurdatty,11,22.5,2.0454545454545454,180.0,0
2022,,,Shart City Poo Bums,2,4.0,2.0,181.0,0
2022,Jonathan Taylor,RB,Shart City Poo Bums,75,149.4,1.992,182.0,0
2022,,,One-cut Heroes,1,1.9,1.9,183.0,0
2022,,,Shart City Poo Bums,1,1.2000000000000002,1.2000000000000002,184.0,0
2022,,,One-cut Heroes,47,42.0,0.8936170212765957,185.0,0
2022,,,One-cut Heroes,5,0.0,0.0,186.0,0
2022,,,Show Me Dem TDs,2,0.0,0.0,186.0,0
2022,,,False Shart,2,0.0,0.0,186.0,0
2022,,,Shart City Poo Bums,1,0.0,0.0,186.0,0
2022,,,Whos Yurdatty,1,0.0,0.0,186.0,0
2022,,,D. Adams Family,1,0.0,0.0,186.0,0
2022,,,D. Adams Family,1,0.0,0.0,186.0,0
2023,Brock Purdy,QB,Olivas - Alone,1,370.6,370.6,1.0,0
2023,Jared Goff,QB,Whos Yurdatty,1,326.3,326.3,2.0,0
2023,Russell Wilson,QB,Kareemin' My Jeans,1,316.9,316.9,3.0,0
2023,Nico Collins,WR,One-cut Heroes,1,228.9,228.9,4.0,0
2023,Adam Thielen,WR,Show Me Dem TDs,1,227.8,227.8,5.0,0
2023,Jordan Addison,WR,False Shart,1,211.6,211.6,6.0,0
2023,Zay Flowers,WR,Team Clucker Fuckers,1,209.4,209.4,7.0,0
2023,Derek Carr,QB,False Shart,1,203.22,203.22,8.0,0
2023,Jakobi Meyers,WR,Kareemin' My Jeans,1,198.98000000000002,198.98000000000002,9.0,0
2023,,,Seattle  Ricks ,1,194.74,194.74,10.0,0
2023,Jaylen Warren,RB,False Shart,1,191.4,191.4,11.0,0
2023,Courtland Sutton,WR,Show Me Dem TDs,1,191.0,191.0,12.0,0
2023,Brian Robinson Jr.,RB,Olivas - Alone,1,190.60000000000002,190.60000000000002,13.0,0
2023,Gus Edwards,RB,False Shart,1,184.2,184.2,14.0,0
2023,Browns D/ST,D/ST,Olivas - Alone,1,169.0,169.0,15.0,0
2023,Cowboys D/ST,D/ST,Greendale Human Beings,1,164.0,164.0,16.0,0
2023,Ezekiel Elliott,RB,MaChungus,1,161.4,161.4,17.0,0
2023,Devin Singletary,RB,Kareemin' My Jeans,1,155.84,155.84,18.0,0
2023,David Njoku,TE,Whos Yurdatty,1,151.1,151.1,19.0,0
2023,Jake Elliott,K,Team Clucker Fuckers,1,150.0,150.0,20.0,0
2023,,,Whos Yurdatty,1,149.0,149.0,21.0,0
2023,Harrison Butker,K,Whos Yurdatty,1,145.0,145.0,22.0,0
2023,Jason Myers,K,Seattle  Ricks ,1,144.0,144.0,23.0,0
2023,Tyler Boyd,WR,Put it Justin??,1,143.4,143.4,24.0,0
2023,Gabe Davis,WR,Whos Yurdatty,1,138.4,138.4,25.0,0
2023,Raheem Mostert,RB,Whos Yurdatty,2,268.7,134.35,26.0,0
2023,Cameron Dicker,K,Olivas - Alone,1,134.0,134.0,27.0,0
2023,Curtis Samuel,WR,MaChungus,1,131.1,131.1,28.0,0
2023,Saints D/ST,D/ST,Show Me Dem TDs,1,130.0,130.0,29.0,0
2023,De'Von Achane,RB,El Ultimo Hombre,1,129.3,129.3,30.0,0
2023,Evan McPherson,K,Olivas - Alone,1,127.0,127.0,31.0,0
2023,Jets D/ST,D/ST,One-cut Heroes,1,122.0,122.0,32.0,0
2023,Antonio Gibson,RB,Olivas - Alone,1,120.8,120.8,33.0,0
2023,Dalton Schultz,TE,El Ultimo Hombre,1,118.8,118.8,34.0,0
2023,AJ Dillon,RB,Show Me Dem TDs,1,117.60000000000001,117.60000000000001,35.0,0
2023,K.J. Osborn,WR,MaChungus,1,117.1,117.1,36.0,0
2023,Dalton Kincaid,TE,One-cut Heroes,1,115.5,115.5,37.0,0
2023,Tua Tagovailoa,QB,Greendale Human Beings,3,337.74,112.58,38.0,0
2023,Patriots D/ST,D/ST,False Shart,1,112.0,112.0,39.0,0
2023,Dustin Hopkins,K,El Ultimo Hombre,1,111.0,111.0,40.0,0
2023,Gerald Everett,TE,Olivas - Alone,1,109.7,109.7,41.0,0
2023,Tyler Higbee,TE,False Shart,1,108.5,108.5,42.0,0
2023,Chigoziem Okonkwo,TE,Show Me Dem TDs,1,107.80000000000001,107.80000000000001,43.0,0
2023,Daniel Carlson,K,False Shart,1,107.0,107.0,44.0,0
2023,Khalil Herbert,RB,Team Clucker Fuckers,1,106.4,106.4,45.0,0
2023,Tyler Conklin,TE,MaChungus,1,104.1,104.1,46.0,0
2023,Evan Engram,TE,Seattle  Ricks ,2,206.4,103.2,47.0,0
2023,Roschon Johnson,RB,One-cut Heroes,1,100.1,100.1,48.0,0
2023,D'Andre Swift,RB,Olivas - Alone,2,199.3,99.65,49.0,0
2023,Tyler Allgeier,RB,Kareemin' My Jeans,1,99.3,99.3,50.0,0
2023,Packers D/ST,D/ST,Team Clucker Fuckers,1,96.0,96.0,51.0,0
2023,,,Put it Justin??,1,89.8,89.8,52.0,0
2023,Cole Kmet,TE,Show Me Dem TDs,2,174.0,87.0,53.0,0
2023,,,Kareemin' My Jeans,1,87.0,87.0,53.0,0
2023,Michael Pittman Jr.,WR,Seattle  Ricks ,3,245.8,81.93333333333334,55.0,0
2023,,,One-cut Heroes,1,78.68,78.68,56.0,0
2023,Brandin Cooks,WR,False Shart,2,157.0,78.5,57.0,0
2023,Christian Kirk,WR,Kareemin' My Jeans,2,151.26,75.63,58.0,0
2023,Bills D/ST,D/ST,Show Me Dem TDs,2,151.0,75.5,59.0,0
2023,,,El Ultimo Hombre,1,75.3,75.3,60.0,0
2023,,,Put it Justin??,1,73.86,73.86,61.0,0
2023,,,Team Clucker Fuckers,1,72.2,72.2,62.0,0
2023,Steelers D/ST,D/ST,Seattle  Ricks ,1,72.0,72.0,63.0,0
2023,,,Put it Justin??,1,70.0,70.0,64.0,0
2023,D'Onta Foreman,RB,False Shart,1,69.3,69.3,65.0,0
2023,Jerick McKinnon,RB,Greendale Human Beings,1,66.06,66.06,66.0,0
2023,Dak Prescott,QB,Show Me Dem TDs,6,388.68,64.78,67.0,0
2023,Geno Smith,QB,Seattle  Ricks ,4,248.89999999999998,62.224999999999994,68.0,0
2023,Tyler Bass,K,Show Me Dem TDs,2,124.0,62.0,69.0,0
2023,Clyde Edwards-Helaire,RB,MaChungus,1,59.7,59.7,70.0,0
2023,,,MaChungus,1,59.06,59.06,71.0,0
2023,DJ Moore,WR,One-cut Heroes,5,281.1,56.220000000000006,72.0,0
2023,Drake London,WR,Team Clucker Fuckers,3,166.28,55.42666666666667,73.0,0
2023,Matt Gay,K,False Shart,1,55.0,55.0,74.0,0
2023,,,Kareemin' My Jeans,1,54.0,54.0,75.0,0
2023,,,False Shart,1,51.9,51.9,76.0,0
2023,David Montgomery,RB,Olivas - Alone,4,201.20000000000002,50.300000000000004,77.0,0
2023,Terry McLaurin,WR,Kareemin' My Jeans,4,197.60000000000002,49.400000000000006,78.0,0
2023,Hunter Renfrow,WR,Olivas - Alone,1,48.5,48.5,79.0,0
2023,,,Whos Yurdatty,1,46.6,46.6,80.0,0
2023,,,One-cut Heroes,1,44.400000000000006,44.400000000000006,81.0,0
2023,George Pickens,WR,Greendale Human Beings,5,218.5,43.7,82.0,0
2023,,,Show Me Dem TDs,1,42.8,42.8,83.0,0
2023,,,Show Me Dem TDs,1,41.0,41.0,84.0,0
2023,,,Team Clucker Fuckers,1,40.1,40.1,85.0,0
2023,Javonte Williams,RB,Seattle  Ricks ,4,158.7,39.675,86.0,0
2023,,,El Ultimo Hombre,3,109.1,36.36666666666667,87.0,0
2023,Isiah Pacheco,RB,Greendale Human Beings,6,214.9,35.81666666666667,88.0,0
2023,,,Seattle  Ricks ,2,69.4,34.7,89.0,0
2023,Marquise Brown,WR,False Shart,4,134.70000000000002,33.675000000000004,90.0,0
2023,Breece Hall,RB,Team Clucker Fuckers,8,267.5,33.4375,91.0,0
2023,James Cook,RB,Seattle  Ricks ,7,224.50000000000003,32.07142857142858,92.0,0
2023,Jeff Wilson Jr.,RB,Whos Yurdatty,1,31.700000000000003,31.700000000000003,93.0,0
2023,Mike Evans,WR,Greendale Human Beings,9,281.3,31.255555555555556,94.0,0
2023,Jaxon Smith-Njigba,WR,Show Me Dem TDs,4,120.30000000000001,30.075000000000003,95.0,0
2023,George Kittle,TE,Greendale Human Beings,7,207.20000000000002,29.6,96.0,0
2023,Kenneth Walker III,RB,Seattle  Ricks ,7,193.3,27.614285714285717,97.0,0
2023,49ers D/ST,D/ST,Olivas - Alone,5,137.0,27.4,98.0,0
2023,Bengals D/ST,D/ST,El Ultimo Hombre,1,27.0,27.0,99.0,0
2023,Justin Fields,QB,Kareemin' My Jeans,10,256.56,25.656,100.0,0
2023,,,Kareemin' My Jeans,1,25.0,25.0,101.0,0
2023,Brandon Aiyuk,WR,Put it Justin??,10,246.7,24.669999999999998,102.0,0
2023,T.J. Hockenson,TE,Team Clucker Fuckers,9,219.0,24.333333333333332,103.0,0
2023,Rachaad White,RB,One-cut Heroes,11,255.6,23.236363636363635,104.0,0
2023,Trevor Lawrence,QB,Put it Justin??,12,267.96000000000004,22.330000000000002,105.0,0
2023,,,One-cut Heroes,2,42.6,21.3,106.0,0
2023,,,MaChungus,1,21.0,21.0,107.0,0
2023,,,Greendale Human Beings,2,38.400000000000006,19.200000000000003,108.0,0
2023,James Conner,RB,Greendale Human Beings,9,171.1,19.01111111111111,109.0,0
2023,,,Greendale Human Beings,1,19.0,19.0,110.0,0
2023,Damien Harris,RB,One-cut Heroes,1,19.0,19.0,110.0,0
2023,Kyle Pitts,TE,Kareemin' My Jeans,7,132.6,18.942857142857143,112.0,0
2023,Justin Tucker,K,Greendale Human Beings,8,150.0,18.75,113.0,0
2023,,,MaChungus,1,17.8,17.8,114.0,0
2023,Darren Waller,TE,Put it Justin??,6,103.7,17.283333333333335,115.0,0
2023,Miles Sanders,RB,Kareemin' My Jeans,5,85.8,17.16,116.0,0
2023,,,El Ultimo Hombre,6,101.8,16.966666666666665,117.0,0
2023,Tyler Lockett,WR,Seattle  Ricks ,11,185.3,16.845454545454547,118.0,0
2023,,,MaChungus,1,16.8,16.8,119.0,0
2023,,,Seattle  Ricks ,17,279.16,16.421176470588236,120.0,0
2023,Quentin Johnston,WR,El Ultimo Hombre,1,16.3,16.3,121.0,0
2023,,,Team Clucker Fuckers,3,46.699999999999996,15.566666666666665,122.0,0
2023,DeAndre Hopkins,WR,Greendale Human Beings,14,211.0,15.071428571428571,123.0,0
2023,Diontae Johnson,WR,Team Clucker Fuckers,9,133.8,14.866666666666667,124.0,0
2023,Chris Godwin,WR,One-cut Heroes,14,198.7,14.192857142857141,125.0,0
2023,Lamar Jackson,QB,Greendale Human Beings,28,387.22,13.829285714285716,126.0,0
2023,,,Olivas - Alone,1,13.3,13.3,127.0,0
2023,Alvin Kamara,RB,Whos Yurdatty,18,233.0,12.944444444444445,128.0,0
2023,Keenan Allen,WR,Team Clucker Fuckers,22,283.86,12.902727272727274,129.0,0
2023,Amari Cooper,WR,Greendale Human Beings,19,236.0,12.421052631578947,130.0,0
2023,,,Put it Justin??,1,10.0,10.0,131.0,0
2023,,,Put it Justin??,1,9.9,9.9,132.0,0
2023,,,El Ultimo Hombre,1,9.899999999999999,9.899999999999999,133.0,0
2023,Dallas Goedert,TE,Put it Justin??,14,134.9,9.635714285714286,134.0,0
2023,Jonathan Taylor,RB,El Ultimo Hombre,15,128.8,8.586666666666668,135.0,0
2023,,,Seattle  Ricks ,6,51.2,8.533333333333333,136.0,0
2023,,,MaChungus,1,8.3,8.3,137.0,0
2023,,,Team Clucker Fuckers,24,183.16,7.631666666666667,138.0,0
2023,Travis Etienne Jr.,RB,False Shart,36,274.7,7.6305555555555555,139.0,0
2023,Deebo Samuel,WR,Seattle  Ricks ,32,243.5,7.609375,140.0,0
2023,Amon-Ra St. Brown,WR,Whos Yurdatty,40,303.5,7.5875,141.0,0
2023,DK Metcalf,WR,Seattle  Ricks ,30,226.4,7.546666666666667,142.0,0
2023,CeeDee Lamb,WR,False Shart,50,373.70000000000005,7.474000000000001,143.0,0
2023,Calvin Ridley,WR,El Ultimo Hombre,28,207.3,7.403571428571429,144.0,0
2023,Josh Allen,QB,Olivas - Alone,59,432.58,7.331864406779661,145.0,0
2023,Joe Mixon,RB,Show Me Dem TDs,36,242.3,6.730555555555556,146.0,0
2023,Davante Adams,WR,One-cut Heroes,39,250.8,6.430769230769231,147.0,0
2023,Christian McCaffrey,RB,False Shart,63,395.3,6.2746031746031745,148.0,0
2023,Chris Olave,WR,False Shart,35,216.70000000000002,6.191428571428572,149.0,0
2023,Alexander Mattison,RB,El Ultimo Hombre,21,129.3,6.1571428571428575,150.0,0
2023,Jahmyr Gibbs,RB,MaChungus,38,233.1,6.13421052631579,151.0,0
2023,Tyreek Hill,WR,Olivas - Alone,64,371.20000000000005,5.800000000000001,152.0,0
2023,A.J. Brown,WR,Show Me Dem TDs,52,292.7,5.628846153846154,153.0,0
2023,Christian Watson,WR,One-cut Heroes,18,101.3,5.627777777777777,154.0,0
2023,DeVonta Smith,WR,Kareemin' My Jeans,42,230.6,5.4904761904761905,155.0,0
2023,Jamaal Williams,RB,Greendale Human Beings,5,27.400000000000002,5.48,156.0,0
2023,Mark Andrews,TE,Olivas - Alone,25,135.4,5.416,157.0,0
2023,Garrett Wilson,WR,Kareemin' My Jeans,40,210.8,5.2700000000000005,158.0,0
2023,Najee Harris,RB,Team Clucker Fuckers,34,171.20000000000002,5.03529411764706,159.0,0
2023,,,Whos Yurdatty,4,20.1,5.025,160.0,0
2023,Stefon Diggs,WR,Kareemin' My Jeans,52,261.1,5.0211538461538465,161.0,0
2023,Rhamondre Stevenson,RB,Team Clucker Fuckers,31,148.70000000000002,4.796774193548388,162.0,0
2023,Jalen Hurts,QB,Show Me Dem TDs,87,408.22,4.692183908045977,163.0,0
2023,,,Whos Yurdatty,44,201.6,4.581818181818182,164.0,0
2023,Tee Higgins,WR,Olivas - Alone,32,140.6,4.39375,165.0,0
2023,Patrick Mahomes,QB,MaChungus,78,337.22,4.323333333333333,166.0,0
2023,Tony Pollard,RB,El Ultimo Hombre,49,206.0,4.204081632653061,167.0,0
2023,Saquon Barkley,RB,One-cut Heroes,48,199.5,4.15625,168.0,0
2023,Derrick Henry,RB,Greendale Human Beings,56,229.36,4.095714285714286,169.0,0
2023,Bijan Robinson,RB,One-cut Heroes,55,220.2,4.003636363636363,170.0,0
2023,,,Put it Justin??,3,11.7,3.9,171.0,0
2023,Ja'Marr Chase,WR,El Ultimo Hombre,69,265.82,3.8524637681159417,172.0,0
2023,Josh Jacobs,RB,Seattle  Ricks ,48,184.1,3.8354166666666667,173.0,0
2023,,,Put it Justin??,1,3.8000000000000007,3.8000000000000007,174.0,0
2023,Aaron Jones,RB,Kareemin' My Jeans,31,115.80000000000001,3.7354838709677423,175.0,0
2023,Cooper Kupp,WR,Team Clucker Fuckers,51,167.4,3.282352941176471,176.0,0
2023,Travis Kelce,TE,MaChungus,71,219.4,3.0901408450704224,177.0,0
2023,Dameon Pierce,RB,Put it Justin??,29,82.7,2.8517241379310345,178.0,0
2023,Austin Ekeler,RB,Whos Yurdatty,69,173.5,2.5144927536231885,179.0,0
2023,Justin Jefferson,WR,Put it Justin??,77,169.2,2.1974025974025975,180.0,0
2023,,,Put it Justin??,1,1.7000000000000002,1.7000000000000002,181.0,0
2023,,,Show Me Dem TDs,2,2.4,1.2,182.0,0
2023,,,El Ultimo Hombre,1,0.9,0.9,183.0,0
2023,,,Put it Justin??,41,23.1,0.5634146341463415,184.0,0
2023,,,Whos Yurdatty,2,0.4,0.2,185.0,0
2023,,,Whos Yurdatty,13,0.0,0.0,186.0,0
2023,,,El Ultimo Hombre,1,0.0,0.0,186.0,0
2023,,,Whos Yurdatty,1,0.0,0.0,186.0,0
2023,,,MaChungus,1,0.0,0.0,186.0,0
2023,,,MaChungus,1,0.0,0.0,186.0,0
2023,,,One-cut Heroes,1,0.0,0.0,186.0,0
2023,,,MaChungus,1,0.0,0.0,186.0,0
2024,Baker Mayfield,QB,Show Me Dem TDs,1,429.15999999999997,429.15999999999997,1.0,0
2024,Jayden Daniels,QB,Team Clucker Fuckers,1,409.6,409.6,2.0,0
2024,Jared Goff,QB,LaPorta Potty,1,348.7,348.7,3.0,0
2024,Brian Thomas Jr.,WR,One-cut Heroes,1,272.7,272.7,4.0,0
2024,Chase Brown,RB,Here's to you,1,255.0,255.0,5.0,0
2024,Geno Smith,QB,Cee Dees in the Face,1,251.56,251.56,6.0,0
2024,Brock Bowers,TE,LaPorta Potty,1,250.70000000000002,250.70000000000002,7.0,0
2024,Chuba Hubbard,RB,Show Me Dem TDs,1,241.60000000000002,241.60000000000002,8.0,0
2024,Aaron Rodgers,QB,Seattle  Ricks ,1,239.72,239.72,9.0,0
2024,Jerry Jeudy,WR,Show Me Dem TDs,1,236.6,236.6,10.0,0
2024,Ladd McConkey,WR,Seattle  Ricks ,1,228.4,228.4,11.0,0
2024,Bucky Irving,RB,El Ultimo Hombre,1,228.0,228.0,12.0,0
2024,Jameson Williams,WR,Here's to you,1,215.8,215.8,13.0,0
2024,Jordan Addison,WR,Kareemin' My Jeans,1,213.5,213.5,14.0,0
2024,Jayden Reed,WR,One-cut Heroes,1,194.9,194.9,15.0,0
2024,Darnell Mooney,WR,One-cut Heroes,1,194.20000000000002,194.20000000000002,16.0,0
2024,Jakobi Meyers,WR,El Ultimo Hombre,1,190.7,190.7,17.0,0
2024,Khalil Shakir,WR,Here's to you,1,185.5,185.5,18.0,0
2024,Rico Dowdle,RB,Kareemin' My Jeans,1,181.4,181.4,19.0,0
2024,Zach Charbonnet,RB,Seattle  Ricks ,1,180.8,180.8,20.0,0
2024,Tyrone Tracy Jr.,RB,One-cut Heroes,1,171.6,171.6,21.0,0
2024,Trevor Lawrence,QB,Kareemin' My Jeans,1,170.2,170.2,22.0,0
2024,Matthew Stafford,QB,Here's to you,1,162.8,162.8,23.0,0
2024,Ka'imi Fairbairn,K,Cartel Del Taco,1,160.0,160.0,24.0,0
2024,Kyler Murray,QB,One-cut Heroes,2,311.36,155.68,25.0,0
2024,,,El Ultimo Hombre,1,153.72,153.72,26.0,0
2024,Justin Herbert,QB,Seattle  Ricks ,2,306.36,153.18,27.0,0
2024,David Njoku,TE,Cartel Del Taco,1,148.5,148.5,28.0,0
2024,Cameron Dicker,K,Kareemin' My Jeans,1,147.0,147.0,29.0,0
2024,Jake Bates,K,Show Me Dem TDs,1,147.0,147.0,29.0,0
2024,Hunter Henry,TE,Kareemin' My Jeans,1,145.4,145.4,31.0,0
2024,Jordan Love,QB,Cartel Del Taco,2,288.1,144.05,32.0,0
2024,DeMario Douglas,WR,Show Me Dem TDs,1,141.3,141.3,33.0,0
2024,Caleb Williams,QB,Cee Dees in the Face,1,140.98,140.98,34.0,0
2024,Zach Ertz,TE,Cee Dees in the Face,1,137.8,137.8,35.0,0
2024,Jerome Ford,RB,Greendale Human Beings,1,137.0,137.0,36.0,0
2024,Rome Odunze,WR,Here's to you,1,135.8,135.8,37.0,0
2024,Steelers D/ST,D/ST,LaPorta Potty,1,135.0,135.0,38.0,0
2024,Isaiah Likely,TE,Here's to you,1,117.9,117.9,39.0,0
2024,Tyler Bass,K,Cee Dees in the Face,1,112.0,112.0,40.0,0
2024,Courtland Sutton,WR,Team Clucker Fuckers,2,221.5,110.75,41.0,0
2024,,,Cee Dees in the Face,1,106.80000000000001,106.80000000000001,42.0,0
2024,Ray Davis,RB,Show Me Dem TDs,1,104.60000000000001,104.60000000000001,43.0,0
2024,Brock Purdy,QB,Seattle  Ricks ,3,310.86,103.62,44.0,0
2024,,,Seattle  Ricks ,1,103.6,103.6,45.0,0
2024,Pat Freiermuth,TE,One-cut Heroes,1,103.0,103.0,46.0,0
2024,,,Seattle  Ricks ,1,99.5,99.5,47.0,0
2024,Adam Thielen,WR,Cee Dees in the Face,1,98.5,98.5,48.0,0
2024,49ers D/ST,D/ST,Here's to you,1,97.0,97.0,49.0,0
2024,Xavier Worthy,WR,Team Clucker Fuckers,2,190.2,95.1,50.0,0
2024,J.K. Dobbins,RB,LaPorta Potty,2,182.3,91.15,51.0,0
2024,Jake Moody,K,Seattle  Ricks ,1,91.0,91.0,52.0,0
2024,Jaleel McLaughlin,RB,One-cut Heroes,1,90.4,90.4,53.0,0
2024,,,One-cut Heroes,1,89.0,89.0,54.0,0
2024,Evan McPherson,K,Team Clucker Fuckers,1,87.0,87.0,55.0,0
2024,Deshaun Watson,QB,Cartel Del Taco,1,86.72,86.72,56.0,0
2024,T.J. Hockenson,TE,Cartel Del Taco,1,83.6,83.6,57.0,0
2024,Jaxon Smith-Njigba,WR,Seattle  Ricks ,3,247.70000000000002,82.56666666666668,58.0,0
2024,,,Cee Dees in the Face,1,81.9,81.9,59.0,0
2024,Browns D/ST,D/ST,Cartel Del Taco,1,80.0,80.0,60.0,0
2024,Brian Robinson Jr.,RB,Cartel Del Taco,2,158.2,79.1,61.0,0
2024,,,Cee Dees in the Face,1,78.0,78.0,62.0,0
2024,,,Team Clucker Fuckers,1,73.4,73.4,63.0,0
2024,Justin Tucker,K,Greendale Human Beings,2,128.0,64.0,64.0,0
2024,Dolphins D/ST,D/ST,Greendale Human Beings,1,62.0,62.0,65.0,0
2024,Joe Burrow,QB,One-cut Heroes,8,465.84000000000003,58.230000000000004,66.0,0
2024,,,El Ultimo Hombre,1,57.0,57.0,67.0,0
2024,Tyjae Spears,RB,Cartel Del Taco,2,113.60000000000001,56.800000000000004,68.0,0
2024,Jake Ferguson,TE,Seattle  Ricks ,2,101.2,50.6,69.0,0
2024,Terry McLaurin,WR,Cee Dees in the Face,5,250.60000000000002,50.120000000000005,70.0,0
2024,,,Seattle  Ricks ,2,99.11999999999999,49.559999999999995,71.0,0
2024,Harrison Butker,K,Here's to you,2,95.0,47.5,72.0,0
2024,Juwan Johnson,TE,Greendale Human Beings,1,47.300000000000004,47.300000000000004,73.0,0
2024,Trey Benson,RB,Show Me Dem TDs,1,47.0,47.0,74.0,0
2024,Devin Singletary,RB,Team Clucker Fuckers,2,93.9,46.95,75.0,0
2024,Eagles D/ST,D/ST,Kareemin' My Jeans,3,139.0,46.333333333333336,76.0,0
2024,,,Team Clucker Fuckers,1,46.2,46.2,77.0,0
2024,Jake Elliott,K,LaPorta Potty,2,91.0,45.5,78.0,0
2024,,,Whos Yurdatty,5,225.57999999999998,45.116,79.0,0
2024,David Montgomery,RB,LaPorta Potty,5,223.72,44.744,80.0,0
2024,,,El Ultimo Hombre,1,44.6,44.6,81.0,0
2024,,,Greendale Human Beings,1,44.5,44.5,82.0,0
2024,Lions D/ST,D/ST,Seattle  Ricks ,1,44.0,44.0,83.0,0
2024,,,El Ultimo Hombre,1,44.0,44.0,83.0,0
2024,,,El Ultimo Hombre,1,43.0,43.0,85.0,0
2024,Brandon Aubrey,K,Whos Yurdatty,4,164.0,41.0,86.0,0
2024,Jaylen Warren,RB,Cartel Del Taco,3,122.0,40.666666666666664,87.0,0
2024,Javonte Williams,RB,Cartel Del Taco,4,147.1,36.775,88.0,0
2024,DeAndre Hopkins,WR,Kareemin' My Jeans,4,147.0,36.75,89.0,0
2024,Christian Watson,WR,Greendale Human Beings,2,72.9,36.45,90.0,0
2024,,,Show Me Dem TDs,1,34.0,34.0,91.0,0
2024,,,Show Me Dem TDs,1,33.0,33.0,92.0,0
2024,Nick Chubb,RB,Kareemin' My Jeans,2,63.3,31.65,93.0,0
2024,,,Whos Yurdatty,3,94.1,31.366666666666664,94.0,0
2024,Tyler Allgeier,RB,Greendale Human Beings,2,58.800000000000004,29.400000000000002,95.0,0
2024,Rhamondre Stevenson,RB,Team Clucker Fuckers,6,175.9,29.316666666666666,96.0,0
2024,George Kittle,TE,Greendale Human Beings,8,231.9,28.9875,97.0,0
2024,James Conner,RB,Here's to you,9,253.8,28.200000000000003,98.0,0
2024,Lamar Jackson,QB,Greendale Human Beings,18,496.40000000000003,27.57777777777778,99.0,0
2024,Kyle Pitts,TE,Here's to you,5,128.7,25.74,100.0,0
2024,Aaron Jones,RB,Whos Yurdatty,9,229.10000000000002,25.45555555555556,101.0,0
2024,Austin Ekeler,RB,Kareemin' My Jeans,5,127.1,25.419999999999998,102.0,0
2024,,,El Ultimo Hombre,1,25.3,25.3,103.0,0
2024,,,Show Me Dem TDs,1,23.799999999999997,23.799999999999997,104.0,0
2024,C.J. Stroud,QB,LaPorta Potty,11,255.38,23.216363636363635,105.0,0
2024,Keenan Allen,WR,LaPorta Potty,6,129.4,21.566666666666666,106.0,0
2024,Ravens D/ST,D/ST,Whos Yurdatty,4,84.0,21.0,107.0,0
2024,Trey McBride,TE,Whos Yurdatty,11,230.3,20.936363636363637,108.0,0
2024,,,Whos Yurdatty,2,41.6,20.8,109.0,0
2024,D'Andre Swift,RB,LaPorta Potty,10,205.0,20.5,110.0,0
2024,,,Cee Dees in the Face,1,19.7,19.7,111.0,0
2024,,,Whos Yurdatty,3,55.300000000000004,18.433333333333334,112.0,0
2024,,,Cee Dees in the Face,1,18.2,18.2,113.0,0
2024,George Pickens,WR,Cartel Del Taco,9,163.4,18.155555555555555,114.0,0
2024,Hollywood Brown,WR,Kareemin' My Jeans,1,18.1,18.1,115.0,0
2024,Tee Higgins,WR,LaPorta Potty,12,213.8,17.816666666666666,116.0,0
2024,,,Team Clucker Fuckers,4,70.9,17.725,117.0,0
2024,Anthony Richardson,QB,Here's to you,11,188.36,17.123636363636365,118.0,0
2024,Dalton Kincaid,TE,Kareemin' My Jeans,6,100.8,16.8,119.0,0
2024,,,Whos Yurdatty,9,144.52,16.05777777777778,120.0,0
2024,Josh Allen,QB,Greendale Human Beings,28,443.04,15.822857142857144,121.0,0
2024,,,Whos Yurdatty,9,141.8,15.755555555555556,122.0,0
2024,Tony Pollard,RB,Whos Yurdatty,13,194.5,14.961538461538462,123.0,0
2024,Calvin Ridley,WR,El Ultimo Hombre,13,190.9,14.684615384615386,124.0,0
2024,,,Whos Yurdatty,6,86.4,14.4,125.0,0
2024,De'Von Achane,RB,Greendale Human Beings,21,284.8,13.561904761904762,126.0,0
2024,,,El Ultimo Hombre,5,59.699999999999996,11.94,127.0,0
2024,Najee Harris,RB,Whos Yurdatty,16,189.0,11.8125,128.0,0
2024,Gus Edwards,RB,Greendale Human Beings,5,58.6,11.72,129.0,0
2024,,,LaPorta Potty,12,140.0,11.666666666666666,130.0,0
2024,Jalen Hurts,QB,Show Me Dem TDs,31,357.12,11.52,131.0,0
2024,Cowboys D/ST,D/ST,Team Clucker Fuckers,1,11.0,11.0,132.0,0
2024,Mark Andrews,TE,Show Me Dem TDs,16,173.4,10.8375,133.0,0
2024,Malik Nabers,WR,LaPorta Potty,24,259.20000000000005,10.800000000000002,134.0,0
2024,,,One-cut Heroes,1,10.000000000000002,10.000000000000002,135.0,0
2024,James Cook,RB,Cartel Del Taco,27,263.90000000000003,9.774074074074075,136.0,0
2024,Patrick Mahomes,QB,One-cut Heroes,37,339.02,9.162702702702703,137.0,0
2024,Evan Engram,TE,El Ultimo Hombre,10,89.5,8.95,138.0,0
2024,DeVonta Smith,WR,Kareemin' My Jeans,23,201.4,8.756521739130434,139.0,0
2024,Alvin Kamara,RB,Team Clucker Fuckers,32,268.3,8.384375,140.0,0
2024,,,Whos Yurdatty,17,140.6,8.270588235294117,141.0,0
2024,Zay Flowers,WR,Kareemin' My Jeans,26,209.4,8.053846153846154,142.0,0
2024,DJ Moore,WR,Cartel Del Taco,27,216.0,8.0,143.0,0
2024,Derrick Henry,RB,LaPorta Potty,39,309.3,7.930769230769231,144.0,0
2024,Josh Jacobs,RB,One-cut Heroes,37,281.5,7.608108108108108,145.0,0
2024,Sam LaPorta,TE,LaPorta Potty,22,164.3,7.468181818181819,146.0,0
2024,Drake London,WR,Cartel Del Taco,34,240.1,7.061764705882353,147.0,0
2024,Kyren Williams,RB,El Ultimo Hombre,39,272.1,6.976923076923078,148.0,0
2024,Ja'Marr Chase,WR,Cee Dees in the Face,57,394.4,6.919298245614034,149.0,0
2024,Cooper Kupp,WR,Greendale Human Beings,26,178.0,6.846153846153846,150.0,0
2024,Mike Evans,WR,El Ultimo Hombre,33,225.5,6.833333333333333,151.0,0
2024,,,Kareemin' My Jeans,12,81.64,6.803333333333334,152.0,0
2024,Jahmyr Gibbs,RB,Show Me Dem TDs,48,320.90000000000003,6.685416666666668,153.0,0
2024,Kenneth Walker III,RB,One-cut Heroes,28,181.20000000000002,6.471428571428572,154.0,0
2024,Joe Mixon,RB,LaPorta Potty,38,237.70000000000002,6.2552631578947375,155.0,0
2024,Davante Adams,WR,Cartel Del Taco,37,223.5,6.04054054054054,156.0,0
2024,,,One-cut Heroes,1,6.0,6.0,157.0,0
2024,Saquon Barkley,RB,Seattle  Ricks ,66,369.3,5.595454545454546,158.0,0
2024,Michael Pittman Jr.,WR,Team Clucker Fuckers,28,152.6,5.45,159.0,0
2024,,,Here's to you,1,5.300000000000001,5.300000000000001,160.0,0
2024,Puka Nacua,WR,Here's to you,39,206.6,5.297435897435897,161.0,0
2024,Travis Kelce,TE,Team Clucker Fuckers,37,195.4,5.281081081081081,162.0,0
2024,Justin Jefferson,WR,Here's to you,61,315.08000000000004,5.165245901639345,163.0,0
2024,Rachaad White,RB,Kareemin' My Jeans,39,199.6,5.1179487179487175,164.0,0
2024,DK Metcalf,WR,Seattle  Ricks ,36,182.9,5.080555555555556,165.0,0
2024,Garrett Wilson,WR,El Ultimo Hombre,49,242.8,4.955102040816326,166.0,0
2024,Marvin Harrison Jr.,WR,Cartel Del Taco,37,182.2,4.924324324324324,167.0,0
2024,Bijan Robinson,RB,Here's to you,64,310.40000000000003,4.8500000000000005,168.0,0
2024,Nico Collins,WR,One-cut Heroes,41,198.8,4.848780487804878,169.0,0
2024,,,Greendale Human Beings,1,4.8,4.8,170.0,0
2024,Amon-Ra St. Brown,WR,Show Me Dem TDs,65,307.48,4.7304615384615385,171.0,0
2024,,,LaPorta Potty,14,65.9,4.707142857142857,172.0,0
2024,Jonathan Taylor,RB,Seattle  Ricks ,50,227.7,4.553999999999999,173.0,0
2024,Stefon Diggs,WR,Show Me Dem TDs,29,121.92,4.204137931034483,174.0,0
2024,Deebo Samuel Sr.,WR,One-cut Heroes,38,156.60000000000002,4.121052631578948,175.0,0
2024,CeeDee Lamb,WR,Cee Dees in the Face,66,269.40000000000003,4.081818181818182,176.0,0
2024,Breece Hall,RB,Cee Dees in the Face,60,222.70000000000002,3.711666666666667,177.0,0
2024,Tyreek Hill,WR,Whos Yurdatty,60,217.2,3.6199999999999997,178.0,0
2024,A.J. Brown,WR,Greendale Human Beings,62,220.9,3.5629032258064517,179.0,0
2024,Travis Etienne Jr.,RB,El Ultimo Hombre,42,121.2,2.8857142857142857,180.0,0
2024,,,Show Me Dem TDs,1,2.8,2.8,181.0,0
2024,,,Whos Yurdatty,7,17.8,2.542857142857143,182.0,0
2024,Chris Olave,WR,Team Clucker Fuckers,34,76.7,2.2558823529411764,183.0,0
2024,,,Seattle  Ricks ,28,62.400000000000006,2.2285714285714286,184.0,0
2024,Isiah Pacheco,RB,Team Clucker Fuckers,47,56.900000000000006,1.2106382978723405,185.0,0
2024,,,Cee Dees in the Face,1,1.2,1.2,186.0,0
2024,,,Cee Dees in the Face,1,0.8,0.8,187.0,0
2024,,,Team Clucker Fuckers,1,0.7000000000000001,0.7000000000000001,188.0,0
2024,Christian McCaffrey,RB,Kareemin' My Jeans,74,47.800000000000004,0.645945945945946,189.0,0
2024,,,Greendale Human Beings,4,0.0,0.0,190.0,0
2024,,,Here's to you,1,0.0,0.0,190.0,0
2024,,,El Ultimo Hombre,1,0.0,0.0,190.0,0
2025,Drake Maye,QB,Cartel Del Taco,1,402.22,402.22,1.0,0
2025,Matthew Stafford,QB,Team Clucker Fuckers,1,393.40000000000003,393.40000000000003,2.0,0
2025,Dak Prescott,QB,Run CMC,1,381.08000000000004,381.08000000000004,3.0,0
2025,Caleb Williams,QB,Cartel Del Taco,1,361.6,361.6,4.0,0
2025,Jared Goff,QB,"Two Gibbs, One Kupp",1,350.82,350.82,5.0,0
2025,Trevor Lawrence,QB,Allen to this!,1,296.78000000000003,296.78000000000003,6.0,0
2025,Jordan Love,QB,Blunder Bust 2000,1,286.14,286.14,7.0,0
2025,Chris Olave,WR,"Two Gibbs, One Kupp",1,271.0,271.0,8.0,0
2025,Travis Etienne Jr.,RB,Run CMC,1,251.10000000000002,251.10000000000002,9.0,0
2025,Javonte Williams,RB,Allen to this!,1,242.8,242.8,10.0,0
2025,Kyle Pitts Sr.,TE,"Two Gibbs, One Kupp",1,199.0,199.0,11.0,0
2025,Emeka Egbuka,WR,Team Clucker Fuckers,1,196.9,196.9,12.0,0
2025,Tyler Warren,TE,One-cut Heroes,1,180.9,180.9,13.0,0
2025,Brandon Aubrey,K,Blunder Bust 2000,1,179.6,179.6,14.0,0
2025,Seahawks D/ST,D/ST,One-cut Heroes,1,176.0,176.0,15.0,0
2025,Justin Herbert,QB,Seattle  Ricks ,2,343.88,171.94,16.0,0
2025,,,Blunder Bust 2000,1,170.8,170.8,17.0,0
2025,,,Run CMC,1,169.4,169.4,18.0,0
2025,Hunter Henry,TE,One-cut Heroes,1,168.20000000000002,168.20000000000002,19.0,0
2025,Jauan Jennings,WR,One-cut Heroes,1,166.8,166.8,20.0,0
2025,Rashid Shaheed,WR,Show Me Dem TDs,1,158.4,158.4,21.0,0
2025,Zach Charbonnet,RB,Flipadelphia Cheesestoinks,1,157.1,157.1,22.0,0
2025,Rachaad White,RB,Seattle  Ricks ,1,136.9,136.9,23.0,0
2025,,,One-cut Heroes,1,136.52,136.52,24.0,0
2025,Jordan Addison,WR,Team Clucker Fuckers,1,136.3,136.3,25.0,0
2025,Dalton Schultz,TE,Seattle  Ricks ,1,135.8,135.8,26.0,0
2025,C.J. Stroud,QB,Run CMC,1,135.5,135.5,27.0,0
2025,Woody Marks,RB,Shooting Ropes💦,1,133.6,133.6,28.0,0
2025,Tyler Loop,K,Show Me Dem TDs,1,132.0,132.0,29.0,0
2025,Jake Bates,K,Whos Yurdatty,1,130.0,130.0,30.0,0
2025,,,Run CMC,1,127.7,127.7,31.0,0
2025,Cairo Santos,K,Team Clucker Fuckers,1,127.0,127.0,32.0,0
2025,Josh Downs,WR,One-cut Heroes,1,126.80000000000001,126.80000000000001,33.0,0
2025,,,Seattle  Ricks ,1,126.4,126.4,34.0,0
2025,Jayden Higgins,WR,Blunder Bust 2000,1,122.2,122.2,35.0,0
2025,Steelers D/ST,D/ST,Cartel Del Taco,1,119.0,119.0,36.0,0
2025,Dalton Kincaid,TE,Shooting Ropes💦,1,118.30000000000001,118.30000000000001,37.0,0
2025,Chris Boswell,K,Allen to this!,1,118.0,118.0,38.0,0
2025,Patriots D/ST,D/ST,Allen to this!,1,116.0,116.0,39.0,0
2025,,,Run CMC,1,115.0,115.0,40.0,0
2025,,,"Two Gibbs, One Kupp",1,115.0,115.0,40.0,0
2025,Jordan Mason,RB,Shooting Ropes💦,1,113.7,113.7,42.0,0
2025,Cooper Kupp,WR,"Two Gibbs, One Kupp",1,111.4,111.4,43.0,0
2025,Tyler Allgeier,RB,Shooting Ropes💦,1,109.30000000000001,109.30000000000001,44.0,0
2025,Jaylen Warren,RB,Cartel Del Taco,2,204.20000000000002,102.10000000000001,45.0,0
2025,Tyjae Spears,RB,Blunder Bust 2000,1,102.0,102.0,46.0,0
2025,Stefon Diggs,WR,Flipadelphia Cheesestoinks,2,203.0,101.5,47.0,0
2025,Michael Pittman Jr.,WR,Run CMC,2,199.3,99.65,48.0,0
2025,Eagles D/ST,D/ST,Shooting Ropes💦,1,94.0,94.0,49.0,0
2025,Lions D/ST,D/ST,Team Clucker Fuckers,1,90.0,90.0,50.0,0
2025,Colts D/ST,D/ST,Show Me Dem TDs,1,90.0,90.0,50.0,0
2025,Jake Elliott,K,One-cut Heroes,1,88.0,88.0,52.0,0
2025,,,Shooting Ropes💦,1,87.6,87.6,53.0,0
2025,Brenton Strange,TE,Allen to this!,1,86.5,86.5,54.0,0
2025,Khalil Shakir,WR,Flipadelphia Cheesestoinks,2,170.4,85.2,55.0,0
2025,Ka'imi Fairbairn,K,Seattle  Ricks ,1,82.0,82.0,56.0,0
2025,Bhayshul Tuten,RB,Team Clucker Fuckers,1,80.3,80.3,57.0,0
2025,Rome Odunze,WR,Allen to this!,2,146.1,73.05,58.0,0
2025,,,Team Clucker Fuckers,1,72.98,72.98,59.0,0
2025,George Pickens,WR,Run CMC,4,291.0,72.75,60.0,0
2025,Rhamondre Stevenson,RB,Cartel Del Taco,2,143.5,71.75,61.0,0
2025,,,Allen to this!,1,70.80000000000001,70.80000000000001,62.0,0
2025,Chris Godwin Jr.,WR,Allen to this!,1,67.5,67.5,63.0,0
2025,,,Seattle  Ricks ,1,66.0,66.0,64.0,0
2025,,,Blunder Bust 2000,1,65.0,65.0,65.0,0
2025,,,Shooting Ropes💦,1,63.7,63.7,66.0,0
2025,Bills D/ST,D/ST,Team Clucker Fuckers,1,63.0,63.0,67.0,0
2025,Jake Ferguson,TE,Whos Yurdatty,3,186.6,62.199999999999996,68.0,0
2025,Dallas Goedert,TE,Run CMC,3,185.1,61.699999999999996,69.0,0
2025,Brian Robinson Jr.,RB,Seattle  Ricks ,1,61.60000000000001,61.60000000000001,70.0,0
2025,,,Shooting Ropes💦,1,60.82,60.82,71.0,0
2025,,,Blunder Bust 2000,1,55.1,55.1,72.0,0
2025,Texans D/ST,D/ST,"Two Gibbs, One Kupp",3,164.0,54.666666666666664,73.0,0
2025,,,Team Clucker Fuckers,1,53.9,53.9,74.0,0
2025,Jayden Reed,WR,Show Me Dem TDs,1,48.5,48.5,75.0,0
2025,Deebo Samuel,WR,Whos Yurdatty,4,184.1,46.025,76.0,0
2025,Baker Mayfield,QB,One-cut Heroes,7,315.7,45.1,77.0,0
2025,,,Whos Yurdatty,3,135.1,45.03333333333333,78.0,0
2025,Tyrone Tracy Jr.,RB,Blunder Bust 2000,3,132.9,44.300000000000004,79.0,0
2025,Brock Purdy,QB,Flipadelphia Cheesestoinks,5,212.20000000000002,42.440000000000005,80.0,0
2025,Jakobi Meyers,WR,Seattle  Ricks ,4,166.4,41.6,81.0,0
2025,Cameron Dicker,K,Flipadelphia Cheesestoinks,4,163.0,40.75,82.0,0
2025,RJ Harvey,RB,"Two Gibbs, One Kupp",5,203.3,40.660000000000004,83.0,0
2025,DeVonta Smith,WR,"Two Gibbs, One Kupp",5,196.6,39.32,84.0,0
2025,,,Flipadelphia Cheesestoinks,3,117.19999999999999,39.06666666666666,85.0,0
2025,J.K. Dobbins,RB,Flipadelphia Cheesestoinks,3,115.9,38.63333333333333,86.0,0
2025,Rashee Rice,WR,One-cut Heroes,4,150.1,37.525,87.0,0
2025,Trey Benson,RB,Show Me Dem TDs,1,35.4,35.4,88.0,0
2025,Dylan Sampson,RB,Blunder Bust 2000,1,35.1,35.1,89.0,0
2025,Jameson Williams,WR,"Two Gibbs, One Kupp",6,208.5,34.75,90.0,0
2025,Colston Loveland,TE,Allen to this!,2,68.4,34.2,91.0,0
2025,,,Show Me Dem TDs,1,33.6,33.6,92.0,0
2025,,,Show Me Dem TDs,1,32.9,32.9,93.0,0
2025,,,Seattle  Ricks ,1,32.760000000000005,32.760000000000005,94.0,0
2025,Jaylen Waddle,WR,Shooting Ropes💦,6,196.12,32.68666666666667,95.0,0
2025,Packers D/ST,D/ST,Run CMC,2,65.0,32.5,96.0,0
2025,Mark Andrews,TE,Run CMC,4,127.60000000000001,31.900000000000002,97.0,0
2025,,,Shooting Ropes💦,3,89.78,29.926666666666666,98.0,0
2025,Ricky Pearsall,WR,Flipadelphia Cheesestoinks,3,88.60000000000001,29.533333333333335,99.0,0
2025,,,Cartel Del Taco,1,29.04,29.04,100.0,0
2025,Tony Pollard,RB,Whos Yurdatty,7,179.3,25.614285714285717,101.0,0
2025,,,"Two Gibbs, One Kupp",13,330.68,25.436923076923076,102.0,0
2025,Bo Nix,QB,Whos Yurdatty,14,347.3,24.807142857142857,103.0,0
2025,Evan Engram,TE,Show Me Dem TDs,4,95.3,23.825,104.0,0
2025,Broncos D/ST,D/ST,Whos Yurdatty,5,118.0,23.6,105.0,0
2025,Jacory Croskey-Merritt,RB,Whos Yurdatty,6,140.4,23.400000000000002,106.0,0
2025,T.J. Hockenson,TE,Cartel Del Taco,5,112.8,22.56,107.0,0
2025,,,Seattle  Ricks ,1,20.9,20.9,108.0,0
2025,Travis Kelce,TE,"Two Gibbs, One Kupp",10,189.0,18.9,109.0,0
2025,D'Andre Swift,RB,Run CMC,12,225.8,18.816666666666666,110.0,0
2025,Courtland Sutton,WR,Team Clucker Fuckers,12,221.20000000000002,18.433333333333334,111.0,0
2025,,,Show Me Dem TDs,1,18.0,18.0,112.0,0
2025,,,Whos Yurdatty,2,35.8,17.9,113.0,0
2025,Breece Hall,RB,Cartel Del Taco,12,213.66,17.805,114.0,0
2025,Tetairoa McMillan,WR,Cartel Del Taco,12,201.9,16.825,115.0,0
2025,Travis Hunter,WR,Cartel Del Taco,4,63.800000000000004,15.950000000000001,116.0,0
2025,,,Show Me Dem TDs,1,15.3,15.3,117.0,0
2025,Aaron Jones Sr.,RB,Flipadelphia Cheesestoinks,8,118.7,14.8375,118.0,0
2025,David Montgomery,RB,Flipadelphia Cheesestoinks,11,162.42000000000002,14.765454545454547,119.0,0
2025,,,Whos Yurdatty,1,14.4,14.4,120.0,0
2025,Zay Flowers,WR,Whos Yurdatty,15,213.5,14.233333333333333,121.0,0
2025,,,Flipadelphia Cheesestoinks,6,79.2,13.200000000000001,122.0,0
2025,Jaxon Smith-Njigba,WR,Seattle  Ricks ,29,352.5,12.155172413793103,123.0,0
2025,,,Shooting Ropes💦,1,12.0,12.0,124.0,0
2025,,,Shooting Ropes💦,1,11.600000000000001,11.600000000000001,125.0,0
2025,,,Flipadelphia Cheesestoinks,2,23.0,11.5,126.0,0
2025,DJ Moore,WR,One-cut Heroes,15,171.08,11.405333333333335,127.0,0
2025,TreVeyon Henderson,RB,One-cut Heroes,18,200.9,11.161111111111111,128.0,0
2025,Jerry Jeudy,WR,Cartel Del Taco,11,119.5,10.863636363636363,129.0,0
2025,,,Whos Yurdatty,10,107.9,10.790000000000001,130.0,0
2025,Jalen Hurts,QB,Flipadelphia Cheesestoinks,33,354.06,10.729090909090909,131.0,0
2025,Josh Allen,QB,Allen to this!,42,423.62,10.086190476190476,132.0,0
2025,James Cook III,RB,Run CMC,32,308.70000000000005,9.646875000000001,133.0,0
2025,Jonathan Taylor,RB,Show Me Dem TDs,39,365.40000000000003,9.36923076923077,134.0,0
2025,Kenneth Walker III,RB,Cartel Del Taco,19,177.6,9.34736842105263,135.0,0
2025,DK Metcalf,WR,Flipadelphia Cheesestoinks,21,190.2,9.057142857142857,136.0,0
2025,Isiah Pacheco,RB,Whos Yurdatty,10,87.3,8.73,137.0,0
2025,Kyren Williams,RB,Blunder Bust 2000,29,252.2,8.696551724137931,138.0,0
2025,,,Seattle  Ricks ,1,8.5,8.5,139.0,0
2025,Omarion Hampton,RB,Cartel Del Taco,18,138.7,7.705555555555555,140.0,0
2025,Trey McBride,TE,Team Clucker Fuckers,41,302.40000000000003,7.375609756097562,141.0,0
2025,Xavier Worthy,WR,Cartel Del Taco,15,109.9,7.326666666666667,142.0,0
2025,De'Von Achane,RB,Team Clucker Fuckers,47,327.8,6.974468085106383,143.0,0
2025,Chase Brown,RB,One-cut Heroes,41,263.6,6.429268292682927,144.0,0
2025,Christian McCaffrey,RB,Run CMC,64,404.90000000000003,6.3265625000000005,145.0,0
2025,Ladd McConkey,WR,Blunder Bust 2000,29,180.9,6.2379310344827585,146.0,0
2025,Puka Nacua,WR,Show Me Dem TDs,58,353.0,6.086206896551724,147.0,0
2025,Davante Adams,WR,Blunder Bust 2000,37,223.9,6.051351351351352,148.0,0
2025,Bijan Robinson,RB,Shooting Ropes💦,67,372.5,5.559701492537314,149.0,0
2025,Marvin Harrison Jr.,WR,Blunder Bust 2000,23,127.80000000000001,5.556521739130435,150.0,0
2025,Jahmyr Gibbs,RB,"Two Gibbs, One Kupp",66,356.6,5.403030303030303,151.0,0
2025,Terry McLaurin,WR,Run CMC,20,107.5,5.375,152.0,0
2025,Ja'Marr Chase,WR,Allen to this!,55,293.0,5.327272727272727,153.0,0
2025,Chuba Hubbard,RB,Flipadelphia Cheesestoinks,23,121.7,5.291304347826087,154.0,0
2025,Lamar Jackson,QB,Whos Yurdatty,44,230.44,5.237272727272727,155.0,0
2025,Garrett Wilson,WR,Allen to this!,19,99.5,5.2368421052631575,156.0,0
2025,Tee Higgins,WR,One-cut Heroes,34,174.3,5.126470588235295,157.0,0
2025,,,Team Clucker Fuckers,1,5.1000000000000005,5.1000000000000005,158.0,0
2025,Derrick Henry,RB,Seattle  Ricks ,55,269.9,4.907272727272727,159.0,0
2025,Joe Burrow,QB,Show Me Dem TDs,29,141.32,4.873103448275862,160.0,0
2025,Josh Jacobs,RB,Show Me Dem TDs,49,238.10000000000002,4.8591836734693885,161.0,0
2025,George Kittle,TE,Blunder Bust 2000,32,153.6,4.8,162.0,0
2025,Alvin Kamara,RB,"Two Gibbs, One Kupp",21,100.7,4.795238095238095,163.0,0
2025,Ashton Jeanty,RB,One-cut Heroes,51,241.7,4.73921568627451,164.0,0
2025,Nico Collins,WR,Cartel Del Taco,49,232.20000000000002,4.738775510204082,165.0,0
2025,Mike Evans,WR,Whos Yurdatty,17,79.4,4.670588235294118,166.0,0
2025,,,Blunder Bust 2000,38,176.20000000000002,4.636842105263159,167.0,0
2025,,,"Two Gibbs, One Kupp",3,13.1,4.366666666666666,168.0,0
2025,Amon-Ra St. Brown,WR,Seattle  Ricks ,69,299.1,4.334782608695653,169.0,0
2025,Calvin Ridley,WR,Show Me Dem TDs,11,47.3,4.3,170.0,0
2025,,,Seattle  Ricks ,31,127.56,4.11483870967742,171.0,0
2025,A.J. Brown,WR,Flipadelphia Cheesestoinks,54,220.3,4.07962962962963,172.0,0
2025,,,Team Clucker Fuckers,1,4.0,4.0,173.0,0
2025,Drake London,WR,Team Clucker Fuckers,47,184.1,3.9170212765957446,174.0,0
2025,,,Show Me Dem TDs,1,3.6,3.6,175.0,0
2025,CeeDee Lamb,WR,"Two Gibbs, One Kupp",59,202.5,3.4322033898305087,176.0,0
2025,Saquon Barkley,RB,Allen to this!,70,239.3,3.4185714285714286,177.0,0
2025,Justin Jefferson,WR,Shooting Ropes💦,57,183.1,3.212280701754386,178.0,0
2025,Bucky Irving,RB,Team Clucker Fuckers,42,130.70000000000002,3.1119047619047624,179.0,0
2025,Brian Thomas Jr.,WR,Run CMC,50,130.9,2.6180000000000003,180.0,0
2025,,,Allen to this!,1,2.2,2.2,181.0,0
2025,,,Allen to this!,1,2.1,2.1,182.0,0
2025,,,Blunder Bust 2000,1,2.0,2.0,183.0,0
2025,,,One-cut Heroes,1,1.9000000000000004,1.9000000000000004,184.0,0
2025,James Conner,RB,One-cut Heroes,22,33.300000000000004,1.513636363636364,185.0,0
2025,,,Allen to this!,1,1.5,1.5,186.0,0
2025,,,Whos Yurdatty,42,53.5,1.2738095238095237,187.0,0
2025,,,Seattle  Ricks ,1,1.0999999999999999,1.0999999999999999,188.0,0
2025,,,Shooting Ropes💦,56,58.1,1.0375,189.0,0
2025,,,"Two Gibbs, One Kupp",1,0.0,0.0,190.0,0
2025,,,Cartel Del Taco,1,0.0,0.0,190.0,0
2025,,,Shooting Ropes💦,1,0.0,0.0,190.0,0
