season,team_id,week,actual_points,optimal_points,points_left_on_bench,efficiency_pct,team_name
2022,1,1,126.72,144.92000000000002,18.200000000000017,87.4,D. Adams Family
2022,2,1,121.12,134.12,13.0,90.3,Show Me Dem TDs
2022,3,1,129.82,147.42,17.599999999999994,88.1,Kareemin' My Jeans
2022,4,1,97.4,117.16,19.75999999999999,83.1,Greendale Human Beings
2022,5,1,100.36,155.1,54.739999999999995,64.7,One-cut Heroes
2022,6,1,135.72,157.72,22.0,86.1,Whos Yurdatty
2022,7,1,133.0,160.40000000000003,27.400000000000034,82.9,Worst Cook
2022,8,1,189.28000000000003,204.28000000000003,15.0,92.7,False Shart
2022,9,1,139.04,157.94,18.900000000000006,88.0,Slim Pickins
2022,10,1,104.9,135.50000000000003,30.600000000000023,77.4,Team Clucker Fuckers
2022,11,1,131.56,138.66000000000003,7.100000000000023,94.9,Seattle  Ricks 
2022,12,1,164.18,199.42000000000002,35.24000000000001,82.3,Shart City Poo Bums
2022,1,2,106.76,126.18,19.42,84.6,D. Adams Family
2022,2,2,145.68,156.48000000000002,10.800000000000011,93.1,Show Me Dem TDs
2022,3,2,154.72,176.32,21.599999999999994,87.7,Kareemin' My Jeans
2022,4,2,184.86,189.06,4.199999999999989,97.8,Greendale Human Beings
2022,5,2,115.84,125.84,10.0,92.1,One-cut Heroes
2022,6,2,227.32,228.91999999999996,1.599999999999966,99.3,Whos Yurdatty
2022,7,2,134.96,165.16000000000003,30.200000000000017,81.7,Worst Cook
2022,8,2,148.38,158.38,10.0,93.7,False Shart
2022,9,2,90.10000000000001,119.5,29.39999999999999,75.4,Slim Pickins
2022,10,2,142.8,146.40000000000003,3.6000000000000227,97.5,Team Clucker Fuckers
2022,11,2,135.76,160.06,24.30000000000001,84.8,Seattle  Ricks 
2022,12,2,105.98,121.68,15.700000000000003,87.1,Shart City Poo Bums
2022,1,3,128.5,128.5,0.0,100.0,D. Adams Family
2022,2,3,101.46000000000001,118.56,17.099999999999994,85.6,Show Me Dem TDs
2022,3,3,170.4,182.39999999999998,11.999999999999972,93.4,Kareemin' My Jeans
2022,4,3,144.84,170.12000000000003,25.28000000000003,85.1,Greendale Human Beings
2022,5,3,112.18000000000002,137.06,24.87999999999998,81.8,One-cut Heroes
2022,6,3,150.22,155.22,5.0,96.8,Whos Yurdatty
2022,7,3,128.26,152.70000000000002,24.440000000000026,84.0,Worst Cook
2022,8,3,132.1,133.8,1.700000000000017,98.7,False Shart
2022,9,3,121.24000000000001,152.74,31.5,79.4,Slim Pickins
2022,10,3,90.58,113.27999999999999,22.69999999999999,80.0,Team Clucker Fuckers
2022,11,3,128.5,136.8,8.300000000000011,93.9,Seattle  Ricks 
2022,12,3,91.66,128.86,37.20000000000002,71.1,Shart City Poo Bums
2022,1,4,140.48,166.17999999999998,25.69999999999999,84.5,D. Adams Family
2022,2,4,105.28,121.68,16.400000000000006,86.5,Show Me Dem TDs
2022,3,4,130.45999999999998,160.86,30.400000000000034,81.1,Kareemin' My Jeans
2022,4,4,78.4,94.60000000000001,16.200000000000003,82.9,Greendale Human Beings
2022,5,4,144.82,194.72,49.900000000000006,74.4,One-cut Heroes
2022,6,4,151.56,159.96,8.400000000000006,94.7,Whos Yurdatty
2022,7,4,135.44,176.18,40.74000000000001,76.9,Worst Cook
2022,8,4,120.71999999999998,155.9,35.18000000000002,77.4,False Shart
2022,9,4,186.04000000000002,192.84,6.799999999999983,96.5,Slim Pickins
2022,10,4,132.95999999999998,144.7,11.740000000000009,91.9,Team Clucker Fuckers
2022,11,4,148.9,152.39999999999998,3.4999999999999716,97.7,Seattle  Ricks 
2022,12,4,114.78,151.5,36.72,75.8,Shart City Poo Bums
2022,1,5,115.98,129.64,13.659999999999982,89.5,D. Adams Family
2022,2,5,108.30000000000001,142.60000000000002,34.30000000000001,75.9,Show Me Dem TDs
2022,3,5,141.46,149.66,8.199999999999989,94.5,Kareemin' My Jeans
2022,4,5,113.24,135.73999999999998,22.499999999999986,83.4,Greendale Human Beings
2022,5,5,49.260000000000005,114.58000000000001,65.32000000000001,43.0,One-cut Heroes
2022,6,5,119.96000000000001,148.36,28.400000000000006,80.9,Whos Yurdatty
2022,7,5,157.65999999999997,169.38,11.720000000000027,93.1,Worst Cook
2022,8,5,177.26,181.16,3.9000000000000057,97.8,False Shart
2022,9,5,120.88,140.38000000000002,19.50000000000003,86.1,Slim Pickins
2022,10,5,172.78000000000003,195.28000000000003,22.5,88.5,Team Clucker Fuckers
2022,11,5,143.92,176.44000000000003,32.52000000000004,81.6,Seattle  Ricks 
2022,12,5,121.6,125.44000000000001,3.8400000000000176,96.9,Shart City Poo Bums
2022,1,6,120.90000000000002,133.3,12.399999999999991,90.7,D. Adams Family
2022,2,6,112.88,121.88,9.0,92.6,Show Me Dem TDs
2022,3,6,138.10000000000002,145.79999999999998,7.69999999999996,94.7,Kareemin' My Jeans
2022,4,6,111.33999999999999,117.34000000000002,6.000000000000028,94.9,Greendale Human Beings
2022,5,6,78.5,81.4,2.9000000000000057,96.4,One-cut Heroes
2022,6,6,124.9,141.5,16.599999999999994,88.3,Whos Yurdatty
2022,7,6,124.64,125.84,1.2000000000000028,99.0,Worst Cook
2022,8,6,134.96,152.26000000000002,17.30000000000001,88.6,False Shart
2022,9,6,105.02,121.02000000000001,16.000000000000014,86.8,Slim Pickins
2022,10,6,87.41999999999999,136.42000000000002,49.00000000000003,64.1,Team Clucker Fuckers
2022,11,6,132.62,164.39999999999998,31.779999999999973,80.7,Seattle  Ricks 
2022,12,6,130.62,135.42,4.799999999999983,96.5,Shart City Poo Bums
2022,1,7,118.54,132.74,14.200000000000003,89.3,D. Adams Family
2022,2,7,152.85999999999999,154.86,2.0000000000000284,98.7,Show Me Dem TDs
2022,3,7,143.44,152.84,9.400000000000006,93.8,Kareemin' My Jeans
2022,4,7,104.84,116.22000000000001,11.38000000000001,90.2,Greendale Human Beings
2022,5,7,91.28,100.08,8.799999999999997,91.2,One-cut Heroes
2022,6,7,122.39999999999999,138.29999999999998,15.899999999999991,88.5,Whos Yurdatty
2022,7,7,133.95999999999998,133.96,2.842170943040401e-14,100.0,Worst Cook
2022,8,7,116.7,126.50000000000001,9.800000000000011,92.3,False Shart
2022,9,7,110.67999999999999,119.58,8.900000000000006,92.6,Slim Pickins
2022,10,7,172.92000000000002,188.61999999999998,15.69999999999996,91.7,Team Clucker Fuckers
2022,11,7,154.92000000000002,163.34,8.419999999999987,94.8,Seattle  Ricks 
2022,12,7,109.32000000000001,109.32,-1.4210854715202004e-14,100.0,Shart City Poo Bums
2022,1,8,96.17999999999999,119.88000000000001,23.700000000000017,80.2,D. Adams Family
2022,2,8,152.84,163.54,10.699999999999989,93.5,Show Me Dem TDs
2022,3,8,215.3,215.29999999999998,-2.842170943040401e-14,100.0,Kareemin' My Jeans
2022,4,8,160.33999999999997,183.44000000000003,23.10000000000005,87.4,Greendale Human Beings
2022,5,8,102.00000000000001,107.40000000000002,5.400000000000006,95.0,One-cut Heroes
2022,6,8,145.22,166.82000000000002,21.600000000000023,87.1,Whos Yurdatty
2022,7,8,120.98,122.48000000000002,1.5000000000000142,98.8,Worst Cook
2022,8,8,144.02000000000004,171.38000000000002,27.359999999999985,84.0,False Shart
2022,9,8,140.0,168.5,28.5,83.1,Slim Pickins
2022,10,8,137.9,142.8,4.900000000000006,96.6,Team Clucker Fuckers
2022,11,8,196.38000000000002,200.76,4.379999999999967,97.8,Seattle  Ricks 
2022,12,8,108.78,123.18,14.400000000000006,88.3,Shart City Poo Bums
2022,1,9,168.74,174.26,5.519999999999982,96.8,D. Adams Family
2022,2,9,136.60000000000002,145.20000000000002,8.599999999999994,94.1,Show Me Dem TDs
2022,3,9,158.22000000000003,158.22,-2.842170943040401e-14,100.0,Kareemin' My Jeans
2022,4,9,121.68000000000002,121.68,-1.4210854715202004e-14,100.0,Greendale Human Beings
2022,5,9,67.38000000000001,80.68,13.299999999999997,83.5,One-cut Heroes
2022,6,9,114.82000000000002,129.52,14.699999999999989,88.7,Whos Yurdatty
2022,7,9,158.74,182.44,23.69999999999999,87.0,Worst Cook
2022,8,9,110.1,114.10000000000001,4.000000000000014,96.5,False Shart
2022,9,9,113.4,122.50000000000001,9.100000000000009,92.6,Slim Pickins
2022,10,9,125.84,128.44,2.5999999999999943,98.0,Team Clucker Fuckers
2022,11,9,115.12,134.9,19.78,85.3,Seattle  Ricks 
2022,12,9,123.52,130.22,6.700000000000003,94.9,Shart City Poo Bums
2022,1,10,157.82000000000002,161.52,3.6999999999999886,97.7,D. Adams Family
2022,2,10,105.76,114.06,8.299999999999997,92.7,Show Me Dem TDs
2022,3,10,111.30000000000001,123.4,12.099999999999994,90.2,Kareemin' My Jeans
2022,4,10,110.0,125.0,15.0,88.0,Greendale Human Beings
2022,5,10,125.5,133.90000000000003,8.400000000000034,93.7,One-cut Heroes
2022,6,10,139.56,147.26000000000002,7.700000000000017,94.8,Whos Yurdatty
2022,7,10,113.28,123.16,9.879999999999995,92.0,Worst Cook
2022,8,10,111.2,127.1,15.899999999999991,87.5,False Shart
2022,9,10,144.18,149.48000000000002,5.300000000000011,96.5,Slim Pickins
2022,10,10,110.14,113.14000000000001,3.000000000000014,97.3,Team Clucker Fuckers
2022,11,10,132.94,149.08,16.140000000000015,89.2,Seattle  Ricks 
2022,12,10,162.98,177.58,14.600000000000023,91.8,Shart City Poo Bums
2022,1,11,167.3,183.10000000000002,15.800000000000011,91.4,D. Adams Family
2022,2,11,74.5,125.2,50.7,59.5,Show Me Dem TDs
2022,3,11,141.66000000000003,141.66000000000003,0.0,100.0,Kareemin' My Jeans
2022,4,11,134.12,138.01999999999998,3.8999999999999773,97.2,Greendale Human Beings
2022,5,11,92.64,100.94,8.299999999999997,91.8,One-cut Heroes
2022,6,11,135.85999999999999,156.45999999999998,20.599999999999994,86.8,Whos Yurdatty
2022,7,11,132.68,160.18,27.5,82.8,Worst Cook
2022,8,11,104.48,119.98,15.5,87.1,False Shart
2022,9,11,147.74,153.4,5.659999999999997,96.3,Slim Pickins
2022,10,11,128.76,131.76,3.0,97.7,Team Clucker Fuckers
2022,11,11,151.16000000000003,182.35999999999999,31.19999999999996,82.9,Seattle  Ricks 
2022,12,11,105.12,105.12,0.0,100.0,Shart City Poo Bums
2022,1,12,117.5,132.0,14.5,89.0,D. Adams Family
2022,2,12,107.34,111.34,4.0,96.4,Show Me Dem TDs
2022,3,12,112.42,133.22,20.799999999999997,84.4,Kareemin' My Jeans
2022,4,12,116.66,124.36,7.700000000000003,93.8,Greendale Human Beings
2022,5,12,89.34,133.04000000000002,43.70000000000002,67.2,One-cut Heroes
2022,6,12,155.36,171.23999999999998,15.879999999999967,90.7,Whos Yurdatty
2022,7,12,169.9,180.4,10.5,94.2,Worst Cook
2022,8,12,140.32,146.32,6.0,95.9,False Shart
2022,9,12,126.82000000000001,160.72,33.89999999999999,78.9,Slim Pickins
2022,10,12,127.60000000000001,134.24000000000004,6.640000000000029,95.1,Team Clucker Fuckers
2022,11,12,151.46,154.66000000000003,3.200000000000017,97.9,Seattle  Ricks 
2022,12,12,131.79999999999998,148.9,17.100000000000023,88.5,Shart City Poo Bums
2022,1,13,138.74,162.24,23.5,85.5,D. Adams Family
2022,2,13,95.47999999999999,109.28000000000002,13.800000000000026,87.4,Show Me Dem TDs
2022,3,13,154.9,159.30000000000004,4.400000000000034,97.2,Kareemin' My Jeans
2022,4,13,135.9,149.0,13.099999999999994,91.2,Greendale Human Beings
2022,5,13,118.2,138.70000000000002,20.500000000000014,85.2,One-cut Heroes
2022,6,13,132.64000000000001,160.56000000000003,27.920000000000016,82.6,Whos Yurdatty
2022,7,13,133.07999999999998,146.48000000000002,13.400000000000034,90.9,Worst Cook
2022,8,13,117.42,144.78,27.36,81.1,False Shart
2022,9,13,137.8,152.50000000000003,14.700000000000017,90.4,Slim Pickins
2022,10,13,107.62,117.62,10.0,91.5,Team Clucker Fuckers
2022,11,13,157.60000000000002,161.34,3.7399999999999807,97.7,Seattle  Ricks 
2022,12,13,136.66,142.26,5.599999999999994,96.1,Shart City Poo Bums
2022,1,14,91.46000000000001,124.96000000000001,33.5,73.2,D. Adams Family
2022,2,14,126.9,128.9,2.0,98.4,Show Me Dem TDs
2022,3,14,150.18,166.48,16.299999999999983,90.2,Kareemin' My Jeans
2022,4,14,80.9,84.89999999999999,3.999999999999986,95.3,Greendale Human Beings
2022,5,14,78.16,92.96000000000001,14.800000000000011,84.1,One-cut Heroes
2022,6,14,166.02,174.42000000000002,8.400000000000006,95.2,Whos Yurdatty
2022,7,14,141.3,151.7,10.399999999999977,93.1,Worst Cook
2022,8,14,112.38000000000001,117.36000000000001,4.980000000000004,95.8,False Shart
2022,9,14,129.16000000000003,130.76,1.599999999999966,98.8,Slim Pickins
2022,10,14,102.98,115.38000000000001,12.400000000000006,89.3,Team Clucker Fuckers
2022,11,14,127.47999999999999,139.5,12.02000000000001,91.4,Seattle  Ricks 
2022,12,14,139.62,139.61999999999998,-2.842170943040401e-14,100.0,Shart City Poo Bums
2022,1,15,121.9,155.6,33.69999999999999,78.3,D. Adams Family
2022,2,15,165.3,179.39999999999998,14.099999999999966,92.1,Show Me Dem TDs
2022,3,15,145.0,158.1,13.099999999999994,91.7,Kareemin' My Jeans
2022,4,15,126.56,126.56,0.0,100.0,Greendale Human Beings
2022,5,15,108.64000000000001,131.04,22.399999999999977,82.9,One-cut Heroes
2022,6,15,193.87999999999997,220.82,26.940000000000026,87.8,Whos Yurdatty
2022,7,15,102.75999999999999,136.58,33.82000000000002,75.2,Worst Cook
2022,8,15,121.96000000000001,143.45999999999998,21.49999999999997,85.0,False Shart
2022,9,15,132.4,147.34,14.939999999999998,89.9,Slim Pickins
2022,10,15,128.34,136.54000000000002,8.200000000000017,94.0,Team Clucker Fuckers
2022,11,15,118.22,174.2,55.97999999999999,67.9,Seattle  Ricks 
2022,12,15,133.48000000000002,175.48000000000002,42.0,76.1,Shart City Poo Bums
2022,1,16,131.20000000000002,205.79999999999998,74.59999999999997,63.8,D. Adams Family
2022,2,16,118.46,121.46,3.0,97.5,Show Me Dem TDs
2022,3,16,119.03999999999999,130.64000000000001,11.600000000000023,91.1,Kareemin' My Jeans
2022,4,16,140.0,146.6,6.599999999999994,95.5,Greendale Human Beings
2022,5,16,159.38,173.88000000000002,14.500000000000028,91.7,One-cut Heroes
2022,6,16,130.16,147.36,17.200000000000017,88.3,Whos Yurdatty
2022,7,16,91.12,130.70000000000002,39.58000000000001,69.7,Worst Cook
2022,8,16,101.38000000000001,118.28000000000002,16.900000000000006,85.7,False Shart
2022,9,16,112.56,140.16,27.599999999999994,80.3,Slim Pickins
2022,10,16,107.76,126.76000000000002,19.000000000000014,85.0,Team Clucker Fuckers
2022,11,16,123.0,171.16,48.16,71.9,Seattle  Ricks 
2022,12,16,114.36,149.66000000000003,35.300000000000026,76.4,Shart City Poo Bums
2022,1,17,109.8,120.8,11.0,90.9,D. Adams Family
2022,2,17,89.72,105.11999999999999,15.399999999999991,85.4,Show Me Dem TDs
2022,3,17,85.0,116.99999999999999,31.999999999999986,72.6,Kareemin' My Jeans
2022,4,17,110.60000000000001,129.5,18.89999999999999,85.4,Greendale Human Beings
2022,5,17,74.78,89.98,15.200000000000003,83.1,One-cut Heroes
2022,6,17,103.88,162.76,58.879999999999995,63.8,Whos Yurdatty
2022,7,17,67.75999999999999,121.80000000000001,54.04000000000002,55.6,Worst Cook
2022,8,17,77.10000000000001,118.82000000000001,41.72,64.9,False Shart
2022,9,17,177.57999999999998,212.38000000000002,34.80000000000004,83.6,Slim Pickins
2022,10,17,115.91999999999999,154.07999999999996,38.15999999999997,75.2,Team Clucker Fuckers
2022,11,17,123.98,137.54000000000002,13.560000000000016,90.1,Seattle  Ricks 
2022,12,17,87.80000000000001,120.4,32.599999999999994,72.9,Shart City Poo Bums
2023,1,1,80.64,90.14,9.5,89.5,MaChungus
2023,2,1,91.10000000000001,100.4,9.299999999999997,90.7,Show Me Dem TDs
2023,3,1,137.84,177.08,39.24000000000001,77.8,Kareemin' My Jeans
2023,4,1,124.36,157.04000000000002,32.68000000000002,79.2,Greendale Human Beings
2023,5,1,116.92000000000002,136.00000000000003,19.080000000000013,86.0,One-cut Heroes
2023,6,1,121.02000000000001,137.12000000000003,16.100000000000023,88.3,Whos Yurdatty
2023,7,1,111.54000000000002,145.23999999999998,33.69999999999996,76.8,Put it Justin??
2023,8,1,130.60000000000002,145.39999999999998,14.799999999999955,89.8,False Shart
2023,9,1,103.74,131.20000000000002,27.460000000000022,79.1,Olivas - Alone
2023,10,1,96.78,128.48000000000002,31.700000000000017,75.3,Team Clucker Fuckers
2023,11,1,98.08000000000001,131.16,33.079999999999984,74.8,Seattle  Ricks 
2023,12,1,146.26,148.55999999999997,2.299999999999983,98.5,El Ultimo Hombre
2023,1,2,118.4,149.24,30.840000000000003,79.3,MaChungus
2023,2,2,107.11999999999999,127.02000000000001,19.90000000000002,84.3,Show Me Dem TDs
2023,3,2,126.14000000000001,156.28000000000003,30.140000000000015,80.7,Kareemin' My Jeans
2023,4,2,159.68,172.78000000000003,13.100000000000023,92.4,Greendale Human Beings
2023,5,2,145.44,164.94,19.5,88.2,One-cut Heroes
2023,6,2,146.92000000000002,151.92000000000002,5.0,96.7,Whos Yurdatty
2023,7,2,94.94,108.80000000000001,13.860000000000014,87.3,Put it Justin??
2023,8,2,141.98,153.58,11.600000000000023,92.4,False Shart
2023,9,2,168.95999999999998,184.76000000000002,15.80000000000004,91.4,Olivas - Alone
2023,10,2,151.18,170.48,19.299999999999983,88.7,Team Clucker Fuckers
2023,11,2,145.3,177.76,32.45999999999998,81.7,Seattle  Ricks 
2023,12,2,124.69999999999999,127.38,2.680000000000007,97.9,El Ultimo Hombre
2023,1,3,121.48,131.78,10.299999999999997,92.2,MaChungus
2023,2,3,164.08,165.77999999999997,1.6999999999999602,99.0,Show Me Dem TDs
2023,3,3,103.14000000000001,113.74000000000001,10.599999999999994,90.7,Kareemin' My Jeans
2023,4,3,132.68,171.36,38.68000000000001,77.4,Greendale Human Beings
2023,5,3,138.76000000000002,150.35999999999999,11.599999999999966,92.3,One-cut Heroes
2023,6,3,164.92,164.92000000000002,2.842170943040401e-14,100.0,Whos Yurdatty
2023,7,3,105.46,128.46,23.000000000000014,82.1,Put it Justin??
2023,8,3,122.14000000000001,140.23999999999998,18.099999999999966,87.1,False Shart
2023,9,3,131.82,140.39999999999998,8.579999999999984,93.9,Olivas - Alone
2023,10,3,141.34,155.84,14.5,90.7,Team Clucker Fuckers
2023,11,3,183.38,209.89999999999998,26.519999999999982,87.4,Seattle  Ricks 
2023,12,3,156.2,166.40000000000003,10.200000000000045,93.9,El Ultimo Hombre
2023,1,4,121.22000000000001,129.42,8.199999999999974,93.7,MaChungus
2023,2,4,162.35999999999999,164.76,2.4000000000000057,98.5,Show Me Dem TDs
2023,3,4,142.12,166.04,23.919999999999987,85.6,Kareemin' My Jeans
2023,4,4,106.25999999999999,151.82000000000002,45.56000000000003,70.0,Greendale Human Beings
2023,5,4,137.14000000000001,178.29999999999998,41.15999999999997,76.9,One-cut Heroes
2023,6,4,131.0,140.60000000000002,9.600000000000023,93.2,Whos Yurdatty
2023,7,4,144.07999999999998,144.68,0.6000000000000227,99.6,Put it Justin??
2023,8,4,114.46000000000001,161.44,46.97999999999999,70.9,False Shart
2023,9,4,104.92000000000002,167.3,62.379999999999995,62.7,Olivas - Alone
2023,10,4,108.7,126.80000000000001,18.10000000000001,85.7,Team Clucker Fuckers
2023,11,4,118.28,138.28000000000003,20.00000000000003,85.5,Seattle  Ricks 
2023,12,4,153.14000000000001,159.34,6.199999999999989,96.1,El Ultimo Hombre
2023,1,5,109.94000000000001,123.74,13.799999999999983,88.8,MaChungus
2023,2,5,135.52,168.92000000000002,33.400000000000006,80.2,Show Me Dem TDs
2023,3,5,94.14000000000001,151.08,56.94,62.3,Kareemin' My Jeans
2023,4,5,136.42000000000002,136.42,-2.842170943040401e-14,100.0,Greendale Human Beings
2023,5,5,103.52000000000001,104.68000000000002,1.1600000000000108,98.9,One-cut Heroes
2023,6,5,142.84,180.04000000000002,37.20000000000002,79.3,Whos Yurdatty
2023,7,5,132.1,142.90000000000003,10.80000000000004,92.4,Put it Justin??
2023,8,5,121.04000000000002,130.54,9.499999999999972,92.7,False Shart
2023,9,5,180.88,182.98,2.0999999999999943,98.9,Olivas - Alone
2023,10,5,150.35999999999999,171.26,20.900000000000006,87.8,Team Clucker Fuckers
2023,11,5,124.06,130.66,6.599999999999994,94.9,Seattle  Ricks 
2023,12,5,151.96,158.56000000000003,6.600000000000023,95.8,El Ultimo Hombre
2023,1,6,127.53999999999999,138.84,11.300000000000011,91.9,MaChungus
2023,2,6,114.3,135.78,21.480000000000004,84.2,Show Me Dem TDs
2023,3,6,109.80000000000001,117.69999999999999,7.899999999999977,93.3,Kareemin' My Jeans
2023,4,6,137.38,141.98000000000002,4.600000000000023,96.8,Greendale Human Beings
2023,5,6,98.24,107.14,8.900000000000006,91.7,One-cut Heroes
2023,6,6,167.01999999999998,181.81999999999996,14.799999999999983,91.9,Whos Yurdatty
2023,7,6,98.94000000000001,104.54,5.599999999999994,94.6,Put it Justin??
2023,8,6,118.04000000000002,128.90000000000003,10.860000000000014,91.6,False Shart
2023,9,6,118.70000000000002,135.36,16.659999999999997,87.7,Olivas - Alone
2023,10,6,150.1,164.99999999999997,14.899999999999977,91.0,Team Clucker Fuckers
2023,11,6,120.53999999999999,144.78,24.24000000000001,83.3,Seattle  Ricks 
2023,12,6,111.06,120.56,9.5,92.1,El Ultimo Hombre
2023,1,7,174.26,183.66,9.400000000000006,94.9,MaChungus
2023,2,7,112.06000000000002,114.06,1.9999999999999858,98.2,Show Me Dem TDs
2023,3,7,126.16,132.26,6.099999999999994,95.4,Kareemin' My Jeans
2023,4,7,114.24000000000001,141.77999999999997,27.539999999999964,80.6,Greendale Human Beings
2023,5,7,92.04,121.5,29.459999999999994,75.8,One-cut Heroes
2023,6,7,109.26,127.36,18.099999999999994,85.8,Whos Yurdatty
2023,7,7,119.35999999999999,135.45999999999998,16.099999999999994,88.1,Put it Justin??
2023,8,7,145.39999999999998,158.9,13.500000000000028,91.5,False Shart
2023,9,7,135.3,135.29999999999998,-2.842170943040401e-14,100.0,Olivas - Alone
2023,10,7,146.3,154.20000000000002,7.900000000000006,94.9,Team Clucker Fuckers
2023,11,7,102.36000000000001,127.52,25.159999999999982,80.3,Seattle  Ricks 
2023,12,7,122.1,133.79999999999998,11.699999999999989,91.3,El Ultimo Hombre
2023,1,8,110.99999999999999,123.09999999999998,12.099999999999994,90.2,MaChungus
2023,2,8,147.65999999999997,160.95999999999998,13.300000000000011,91.7,Show Me Dem TDs
2023,3,8,103.06,132.76,29.69999999999999,77.6,Kareemin' My Jeans
2023,4,8,133.38,178.66,45.28,74.7,Greendale Human Beings
2023,5,8,124.67999999999999,145.96,21.280000000000015,85.4,One-cut Heroes
2023,6,8,139.78000000000003,191.58000000000004,51.80000000000001,73.0,Whos Yurdatty
2023,7,8,83.08000000000001,105.80000000000001,22.72,78.5,Put it Justin??
2023,8,8,209.98,217.22,7.240000000000009,96.7,False Shart
2023,9,8,131.16000000000003,143.56,12.399999999999977,91.4,Olivas - Alone
2023,10,8,123.12,157.62,34.5,78.1,Team Clucker Fuckers
2023,11,8,148.72,150.51999999999998,1.799999999999983,98.8,Seattle  Ricks 
2023,12,8,120.29999999999998,151.96,31.660000000000025,79.2,El Ultimo Hombre
2023,1,9,104.89999999999999,116.4,11.500000000000014,90.1,MaChungus
2023,2,9,120.48,141.66000000000003,21.18000000000002,85.0,Show Me Dem TDs
2023,3,9,134.02,135.92000000000002,1.9000000000000057,98.6,Kareemin' My Jeans
2023,4,9,129.32,142.01999999999998,12.699999999999989,91.1,Greendale Human Beings
2023,5,9,71.2,123.12,51.92,57.8,One-cut Heroes
2023,6,9,107.29999999999998,136.0,28.700000000000017,78.9,Whos Yurdatty
2023,7,9,109.64,109.64000000000001,1.4210854715202004e-14,100.0,Put it Justin??
2023,8,9,150.9,159.72,8.819999999999993,94.5,False Shart
2023,9,9,170.92000000000002,170.92,-2.842170943040401e-14,100.0,Olivas - Alone
2023,10,9,123.92,153.22000000000003,29.300000000000026,80.9,Team Clucker Fuckers
2023,11,9,83.34,85.84,2.5,97.1,Seattle  Ricks 
2023,12,9,164.22000000000003,179.22000000000003,15.0,91.6,El Ultimo Hombre
2023,1,10,129.29999999999998,135.8,6.500000000000028,95.2,MaChungus
2023,2,10,137.96,140.45999999999998,2.4999999999999716,98.2,Show Me Dem TDs
2023,3,10,85.52,117.62,32.10000000000001,72.7,Kareemin' My Jeans
2023,4,10,121.82,136.32,14.5,89.4,Greendale Human Beings
2023,5,10,125.86000000000001,135.46,9.599999999999994,92.9,One-cut Heroes
2023,6,10,147.11999999999998,155.17999999999998,8.060000000000002,94.8,Whos Yurdatty
2023,7,10,74.10000000000001,88.86000000000001,14.760000000000005,83.4,Put it Justin??
2023,8,10,161.51999999999998,207.52,46.00000000000003,77.8,False Shart
2023,9,10,131.18,149.64000000000001,18.460000000000008,87.7,Olivas - Alone
2023,10,10,164.08,167.98,3.8999999999999773,97.7,Team Clucker Fuckers
2023,11,10,178.52,199.22000000000003,20.700000000000017,89.6,Seattle  Ricks 
2023,12,10,108.04,121.33999999999999,13.299999999999983,89.0,El Ultimo Hombre
2023,1,11,139.07999999999998,144.48000000000002,5.400000000000034,96.3,MaChungus
2023,2,11,130.3,137.05999999999997,6.7599999999999625,95.1,Show Me Dem TDs
2023,3,11,94.56,108.66000000000001,14.100000000000009,87.0,Kareemin' My Jeans
2023,4,11,142.9,153.76000000000002,10.860000000000014,92.9,Greendale Human Beings
2023,5,11,144.8,171.28000000000003,26.480000000000018,84.5,One-cut Heroes
2023,6,11,96.53999999999999,109.04,12.500000000000014,88.5,Whos Yurdatty
2023,7,11,119.58000000000001,133.08,13.5,89.9,Put it Justin??
2023,8,11,126.84,150.14000000000001,23.30000000000001,84.5,False Shart
2023,9,11,167.72,168.72000000000003,1.0000000000000284,99.4,Olivas - Alone
2023,10,11,106.54,110.54,4.0,96.4,Team Clucker Fuckers
2023,11,11,127.60000000000001,132.3,4.700000000000003,96.4,Seattle  Ricks 
2023,12,11,128.64,147.06000000000003,18.420000000000044,87.5,El Ultimo Hombre
2023,1,12,173.22,182.12,8.900000000000006,95.1,MaChungus
2023,2,12,117.7,124.99999999999999,7.299999999999983,94.2,Show Me Dem TDs
2023,3,12,111.07999999999998,126.96000000000001,15.880000000000024,87.5,Kareemin' My Jeans
2023,4,12,136.07999999999998,157.28,21.200000000000017,86.5,Greendale Human Beings
2023,5,12,138.96,151.32000000000002,12.360000000000014,91.8,One-cut Heroes
2023,6,12,148.68,180.08,31.400000000000006,82.6,Whos Yurdatty
2023,7,12,98.86,106.36,7.5,92.9,Put it Justin??
2023,8,12,108.10000000000001,165.46,57.36,65.3,False Shart
2023,9,12,98.76,150.76,51.999999999999986,65.5,Olivas - Alone
2023,10,12,141.54,160.04000000000002,18.50000000000003,88.4,Team Clucker Fuckers
2023,11,12,156.18,163.18,7.0,95.7,Seattle  Ricks 
2023,12,12,153.56,163.06,9.5,94.2,El Ultimo Hombre
2023,1,13,132.5,153.0,20.5,86.6,MaChungus
2023,2,13,139.12,147.46,8.340000000000003,94.3,Show Me Dem TDs
2023,3,13,81.04,81.04,0.0,100.0,Kareemin' My Jeans
2023,4,13,167.3,183.3,16.0,91.3,Greendale Human Beings
2023,5,13,98.38,107.16000000000001,8.780000000000015,91.8,One-cut Heroes
2023,6,13,144.22,147.61999999999998,3.3999999999999773,97.7,Whos Yurdatty
2023,7,13,117.12,134.42,17.299999999999983,87.1,Put it Justin??
2023,8,13,136.57999999999998,153.08,16.50000000000003,89.2,False Shart
2023,9,13,126.36000000000001,140.76000000000002,14.400000000000006,89.8,Olivas - Alone
2023,10,13,103.14,125.28,22.14,82.3,Team Clucker Fuckers
2023,11,13,168.98,199.95999999999998,30.97999999999999,84.5,Seattle  Ricks 
2023,12,13,185.98,194.08,8.100000000000023,95.8,El Ultimo Hombre
2023,1,14,131.24,154.54000000000002,23.30000000000001,84.9,MaChungus
2023,2,14,140.38,153.64000000000001,13.26000000000002,91.4,Show Me Dem TDs
2023,3,14,91.86,105.62,13.760000000000005,87.0,Kareemin' My Jeans
2023,4,14,121.10000000000001,164.74000000000004,43.64000000000003,73.5,Greendale Human Beings
2023,5,14,159.82,186.56000000000003,26.740000000000038,85.7,One-cut Heroes
2023,6,14,133.34,159.04,25.69999999999999,83.8,Whos Yurdatty
2023,7,14,97.5,109.2,11.700000000000003,89.3,Put it Justin??
2023,8,14,91.52000000000001,116.26,24.739999999999995,78.7,False Shart
2023,9,14,83.02,98.22,15.200000000000003,84.5,Olivas - Alone
2023,10,14,147.1,172.89999999999998,25.799999999999983,85.1,Team Clucker Fuckers
2023,11,14,164.44,170.14,5.699999999999989,96.6,Seattle  Ricks 
2023,12,14,78.24,101.14,22.900000000000006,77.4,El Ultimo Hombre
2023,1,15,130.4,137.6,7.199999999999989,94.8,MaChungus
2023,2,15,119.62000000000002,122.02,2.3999999999999773,98.0,Show Me Dem TDs
2023,3,15,91.12,132.9,41.78,68.6,Kareemin' My Jeans
2023,4,15,126.83999999999999,145.54,18.700000000000003,87.2,Greendale Human Beings
2023,5,15,135.12,164.42,29.299999999999983,82.2,One-cut Heroes
2023,6,15,202.11999999999998,216.82,14.700000000000017,93.2,Whos Yurdatty
2023,7,15,94.66000000000001,110.96000000000001,16.299999999999997,85.3,Put it Justin??
2023,8,15,121.30000000000001,191.64000000000001,70.34,63.3,False Shart
2023,9,15,116.88,124.38,7.5,94.0,Olivas - Alone
2023,10,15,94.5,125.1,30.599999999999994,75.5,Team Clucker Fuckers
2023,11,15,133.06,182.42000000000002,49.360000000000014,72.9,Seattle  Ricks 
2023,12,15,95.0,152.24,57.24000000000001,62.4,El Ultimo Hombre
2023,1,16,133.7,155.0,21.30000000000001,86.3,MaChungus
2023,2,16,126.54,145.84,19.299999999999997,86.8,Show Me Dem TDs
2023,3,16,121.6,128.82,7.219999999999999,94.4,Kareemin' My Jeans
2023,4,16,202.36,258.46,56.099999999999966,78.3,Greendale Human Beings
2023,5,16,137.51999999999998,162.35999999999999,24.840000000000003,84.7,One-cut Heroes
2023,6,16,116.48,127.78,11.299999999999997,91.2,Whos Yurdatty
2023,7,16,101.40000000000002,130.8,29.39999999999999,77.5,Put it Justin??
2023,8,16,114.9,162.12000000000003,47.22000000000003,70.9,False Shart
2023,9,16,138.9,166.48,27.579999999999984,83.4,Olivas - Alone
2023,10,16,166.84000000000003,201.86,35.01999999999998,82.7,Team Clucker Fuckers
2023,11,16,108.82,123.22,14.400000000000006,88.3,Seattle  Ricks 
2023,12,16,70.9,123.0,52.099999999999994,57.6,El Ultimo Hombre
2023,1,17,120.1,136.8,16.700000000000017,87.8,MaChungus
2023,2,17,96.28,109.1,12.819999999999993,88.2,Show Me Dem TDs
2023,3,17,85.52,103.02,17.5,83.0,Kareemin' My Jeans
2023,4,17,156.54,177.44,20.900000000000006,88.2,Greendale Human Beings
2023,5,17,161.58,182.34,20.75999999999999,88.6,One-cut Heroes
2023,6,17,117.84000000000002,146.44,28.59999999999998,80.5,Whos Yurdatty
2023,7,17,134.98,156.88000000000002,21.900000000000034,86.0,Put it Justin??
2023,8,17,151.20000000000002,193.05999999999997,41.85999999999996,78.3,False Shart
2023,9,17,97.4,114.4,17.0,85.1,Olivas - Alone
2023,10,17,154.66,167.28,12.620000000000005,92.5,Team Clucker Fuckers
2023,11,17,117.46000000000001,125.06000000000002,7.6000000000000085,93.9,Seattle  Ricks 
2023,12,17,96.62,156.62,60.0,61.7,El Ultimo Hombre
2024,1,1,145.66,162.96,17.30000000000001,89.4,LaPorta Potty
2024,2,1,108.52000000000001,132.06,23.539999999999992,82.2,Show Me Dem TDs
2024,3,1,82.98,94.08000000000001,11.100000000000009,88.2,Kareemin' My Jeans
2024,4,1,172.08,183.78000000000003,11.700000000000017,93.6,Greendale Human Beings
2024,5,1,138.26000000000002,147.34,9.079999999999984,93.8,One-cut Heroes
2024,6,1,158.52,177.51999999999998,18.99999999999997,89.3,Whos Yurdatty
2024,7,1,90.62,105.34,14.719999999999999,86.0,Cee Dees in the Face
2024,8,1,155.88000000000002,182.67999999999998,26.799999999999955,85.3,Here's to you
2024,9,1,99.1,125.6,26.5,78.9,Cartel Del Taco
2024,10,1,149.96,159.86,9.900000000000006,93.8,Team Clucker Fuckers
2024,11,1,118.34,153.85999999999999,35.51999999999998,76.9,Seattle  Ricks 
2024,12,1,113.0,120.58,7.579999999999998,93.7,El Ultimo Hombre
2024,1,2,149.5,165.2,15.699999999999989,90.5,LaPorta Potty
2024,2,2,126.02000000000001,139.21999999999997,13.19999999999996,90.5,Show Me Dem TDs
2024,3,2,108.9,118.53999999999999,9.639999999999986,91.9,Kareemin' My Jeans
2024,4,2,107.48,114.98000000000002,7.500000000000014,93.5,Greendale Human Beings
2024,5,2,118.03999999999999,157.94000000000003,39.900000000000034,74.7,One-cut Heroes
2024,6,2,122.4,133.02,10.620000000000005,92.0,Whos Yurdatty
2024,7,2,116.78,120.88,4.099999999999994,96.6,Cee Dees in the Face
2024,8,2,143.26000000000002,143.66,0.39999999999997726,99.7,Here's to you
2024,9,2,175.23999999999998,175.44,0.20000000000001705,99.9,Cartel Del Taco
2024,10,2,132.24,145.54,13.299999999999983,90.9,Team Clucker Fuckers
2024,11,2,138.56,160.04000000000002,21.480000000000018,86.6,Seattle  Ricks 
2024,12,2,118.13999999999999,128.94,10.800000000000011,91.6,El Ultimo Hombre
2024,1,3,154.4,159.4,5.0,96.9,LaPorta Potty
2024,2,3,138.06,138.66,0.5999999999999943,99.6,Show Me Dem TDs
2024,3,3,101.12,111.36,10.239999999999995,90.8,Kareemin' My Jeans
2024,4,3,139.01999999999998,163.92,24.900000000000006,84.8,Greendale Human Beings
2024,5,3,110.75999999999999,110.96,0.20000000000000284,99.8,One-cut Heroes
2024,6,3,132.66,167.86,35.20000000000002,79.0,Whos Yurdatty
2024,7,3,139.98,173.26000000000002,33.28000000000003,80.8,Cee Dees in the Face
2024,8,3,87.17999999999999,118.14000000000001,30.960000000000022,73.8,Here's to you
2024,9,3,115.14,117.84,2.700000000000003,97.7,Cartel Del Taco
2024,10,3,110.06,141.76000000000002,31.700000000000017,77.6,Team Clucker Fuckers
2024,11,3,189.08,189.07999999999998,-2.842170943040401e-14,100.0,Seattle  Ricks 
2024,12,3,125.4,156.9,31.5,79.9,El Ultimo Hombre
2024,1,4,139.0,176.5,37.5,78.8,LaPorta Potty
2024,2,4,132.0,148.26,16.25999999999999,89.0,Show Me Dem TDs
2024,3,4,80.06,93.16000000000001,13.100000000000009,85.9,Kareemin' My Jeans
2024,4,4,83.69999999999999,110.74000000000002,27.040000000000035,75.6,Greendale Human Beings
2024,5,4,174.78,204.68,29.900000000000006,85.4,One-cut Heroes
2024,6,4,135.14,148.94000000000003,13.80000000000004,90.7,Whos Yurdatty
2024,7,4,115.66000000000001,159.7,44.03999999999998,72.4,Cee Dees in the Face
2024,8,4,148.60000000000002,165.2,16.599999999999966,90.0,Here's to you
2024,9,4,119.35999999999999,141.76,22.400000000000006,84.2,Cartel Del Taco
2024,10,4,144.12,160.71999999999997,16.599999999999966,89.7,Team Clucker Fuckers
2024,11,4,144.22,157.62,13.400000000000006,91.5,Seattle  Ricks 
2024,12,4,97.7,114.4,16.700000000000003,85.4,El Ultimo Hombre
2024,1,5,151.34,151.34000000000003,2.842170943040401e-14,100.0,LaPorta Potty
2024,2,5,108.48,111.8,3.319999999999993,97.0,Show Me Dem TDs
2024,3,5,131.14000000000001,131.14000000000001,0.0,100.0,Kareemin' My Jeans
2024,4,5,109.94,143.82,33.879999999999995,76.4,Greendale Human Beings
2024,5,5,178.68,207.18,28.5,86.2,One-cut Heroes
2024,6,5,102.24,112.58,10.340000000000003,90.8,Whos Yurdatty
2024,7,5,169.26000000000002,169.26000000000002,0.0,100.0,Cee Dees in the Face
2024,8,5,130.56,155.26,24.69999999999999,84.1,Here's to you
2024,9,5,149.16000000000003,159.66,10.499999999999972,93.4,Cartel Del Taco
2024,10,5,118.32000000000001,134.52,16.200000000000003,88.0,Team Clucker Fuckers
2024,11,5,110.96,121.36,10.400000000000006,91.4,Seattle  Ricks 
2024,12,5,117.24000000000001,124.83999999999999,7.59999999999998,93.9,El Ultimo Hombre
2024,1,6,200.18,212.44000000000003,12.26000000000002,94.2,LaPorta Potty
2024,2,6,161.96,185.69999999999996,23.739999999999952,87.2,Show Me Dem TDs
2024,3,6,131.76,131.76,0.0,100.0,Kareemin' My Jeans
2024,4,6,133.72,142.20000000000002,8.480000000000018,94.0,Greendale Human Beings
2024,5,6,137.32,137.32,0.0,100.0,One-cut Heroes
2024,6,6,147.32000000000002,167.80000000000004,20.480000000000018,87.8,Whos Yurdatty
2024,7,6,125.5,153.79999999999998,28.299999999999983,81.6,Cee Dees in the Face
2024,8,6,103.5,121.0,17.5,85.5,Here's to you
2024,9,6,96.42,108.52,12.099999999999994,88.8,Cartel Del Taco
2024,10,6,90.36,94.46,4.099999999999994,95.7,Team Clucker Fuckers
2024,11,6,113.0,129.20000000000002,16.200000000000017,87.5,Seattle  Ricks 
2024,12,6,123.0,131.3,8.300000000000011,93.7,El Ultimo Hombre
2024,1,7,145.14,148.24,3.1000000000000227,97.9,LaPorta Potty
2024,2,7,155.00000000000003,163.9,8.899999999999977,94.6,Show Me Dem TDs
2024,3,7,82.22,119.32000000000001,37.10000000000001,68.9,Kareemin' My Jeans
2024,4,7,153.83999999999997,153.84,2.842170943040401e-14,100.0,Greendale Human Beings
2024,5,7,120.24000000000001,128.0,7.759999999999991,93.9,One-cut Heroes
2024,6,7,111.38000000000001,118.68,7.299999999999997,93.8,Whos Yurdatty
2024,7,7,106.18,126.98,20.799999999999997,83.6,Cee Dees in the Face
2024,8,7,125.86000000000001,138.76000000000002,12.900000000000006,90.7,Here's to you
2024,9,7,137.20000000000002,160.1,22.899999999999977,85.7,Cartel Del Taco
2024,10,7,74.84,90.04,15.200000000000003,83.1,Team Clucker Fuckers
2024,11,7,141.78,147.28000000000003,5.500000000000028,96.3,Seattle  Ricks 
2024,12,7,137.60000000000002,140.0,2.3999999999999773,98.3,El Ultimo Hombre
2024,1,8,155.72,165.12,9.400000000000006,94.3,LaPorta Potty
2024,2,8,133.8,143.64,9.839999999999975,93.1,Show Me Dem TDs
2024,3,8,131.72000000000003,134.61999999999998,2.899999999999949,97.8,Kareemin' My Jeans
2024,4,8,151.16,169.86000000000004,18.700000000000045,89.0,Greendale Human Beings
2024,5,8,120.78,130.57999999999998,9.799999999999983,92.5,One-cut Heroes
2024,6,8,151.16000000000003,152.12,0.9599999999999795,99.4,Whos Yurdatty
2024,7,8,142.38,171.94,29.560000000000002,82.8,Cee Dees in the Face
2024,8,8,164.99999999999997,178.29999999999998,13.300000000000011,92.5,Here's to you
2024,9,8,105.14,126.83999999999999,21.69999999999999,82.9,Cartel Del Taco
2024,10,8,154.66000000000003,179.28,24.619999999999976,86.3,Team Clucker Fuckers
2024,11,8,128.82,154.56000000000003,25.740000000000038,83.3,Seattle  Ricks 
2024,12,8,134.1,162.9,28.80000000000001,82.3,El Ultimo Hombre
2024,1,9,152.24,164.14000000000001,11.900000000000006,92.8,LaPorta Potty
2024,2,9,127.7,157.69999999999996,29.999999999999957,81.0,Show Me Dem TDs
2024,3,9,154.36,185.26000000000002,30.900000000000006,83.3,Kareemin' My Jeans
2024,4,9,158.6,158.6,0.0,100.0,Greendale Human Beings
2024,5,9,125.94,128.23999999999998,2.299999999999983,98.2,One-cut Heroes
2024,6,9,114.74000000000001,123.14,8.399999999999991,93.2,Whos Yurdatty
2024,7,9,113.88000000000001,126.58000000000001,12.700000000000003,90.0,Cee Dees in the Face
2024,8,9,142.88,149.58,6.700000000000017,95.5,Here's to you
2024,9,9,87.22,99.92,12.700000000000003,87.3,Cartel Del Taco
2024,10,9,156.14,163.94,7.800000000000011,95.2,Team Clucker Fuckers
2024,11,9,179.48000000000002,179.88,0.39999999999997726,99.8,Seattle  Ricks 
2024,12,9,121.12,124.92,3.799999999999997,97.0,El Ultimo Hombre
2024,1,10,100.68,108.67999999999999,7.999999999999986,92.6,LaPorta Potty
2024,2,10,145.78,156.48,10.699999999999989,93.2,Show Me Dem TDs
2024,3,10,112.08000000000001,127.68,15.599999999999994,87.8,Kareemin' My Jeans
2024,4,10,142.5,153.5,11.0,92.8,Greendale Human Beings
2024,5,10,97.62,97.62,0.0,100.0,One-cut Heroes
2024,6,10,110.38000000000001,113.68,3.299999999999997,97.1,Whos Yurdatty
2024,7,10,136.84,136.84,0.0,100.0,Cee Dees in the Face
2024,8,10,140.94000000000003,152.74000000000004,11.800000000000011,92.3,Here's to you
2024,9,10,115.70000000000002,127.6,11.899999999999977,90.7,Cartel Del Taco
2024,10,10,113.68,130.7,17.019999999999982,87.0,Team Clucker Fuckers
2024,11,10,105.62,105.62,0.0,100.0,Seattle  Ricks 
2024,12,10,112.7,114.5,1.7999999999999972,98.4,El Ultimo Hombre
2024,1,11,179.98,222.92000000000002,42.940000000000026,80.7,LaPorta Potty
2024,2,11,147.94,153.94000000000003,6.000000000000028,96.1,Show Me Dem TDs
2024,3,11,123.80000000000001,134.9,11.099999999999994,91.8,Kareemin' My Jeans
2024,4,11,152.48,169.18,16.700000000000017,90.1,Greendale Human Beings
2024,5,11,130.34,144.74,14.400000000000006,90.1,One-cut Heroes
2024,6,11,171.84,183.84000000000003,12.000000000000028,93.5,Whos Yurdatty
2024,7,11,110.32,118.22000000000001,7.90000000000002,93.3,Cee Dees in the Face
2024,8,11,137.44,162.17999999999998,24.73999999999998,84.7,Here's to you
2024,9,11,106.60000000000001,139.64,33.03999999999998,76.3,Cartel Del Taco
2024,10,11,106.24000000000001,129.67999999999998,23.43999999999997,81.9,Team Clucker Fuckers
2024,11,11,132.86,141.88000000000002,9.02000000000001,93.6,Seattle  Ricks 
2024,12,11,153.98,157.78000000000003,3.80000000000004,97.6,El Ultimo Hombre
2024,1,12,117.78,132.48000000000002,14.700000000000017,88.9,LaPorta Potty
2024,2,12,143.55999999999997,148.56000000000003,5.000000000000057,96.6,Show Me Dem TDs
2024,3,12,144.56,151.26000000000002,6.700000000000017,95.6,Kareemin' My Jeans
2024,4,12,147.18,162.68,15.5,90.5,Greendale Human Beings
2024,5,12,130.56,131.85999999999999,1.299999999999983,99.0,One-cut Heroes
2024,6,12,172.88000000000002,193.88000000000005,21.00000000000003,89.2,Whos Yurdatty
2024,7,12,115.02000000000001,125.62,10.599999999999994,91.6,Cee Dees in the Face
2024,8,12,82.3,82.30000000000001,1.4210854715202004e-14,100.0,Here's to you
2024,9,12,112.82,112.82000000000002,2.842170943040401e-14,100.0,Cartel Del Taco
2024,10,12,153.0,153.0,0.0,100.0,Team Clucker Fuckers
2024,11,12,136.22000000000003,149.42000000000002,13.199999999999989,91.2,Seattle  Ricks 
2024,12,12,138.86,150.35999999999999,11.499999999999972,92.4,El Ultimo Hombre
2024,1,13,146.48000000000002,175.16,28.67999999999998,83.6,LaPorta Potty
2024,2,13,134.3,144.92000000000002,10.620000000000005,92.7,Show Me Dem TDs
2024,3,13,145.28000000000003,152.58,7.299999999999983,95.2,Kareemin' My Jeans
2024,4,13,105.98000000000002,145.32,39.339999999999975,72.9,Greendale Human Beings
2024,5,13,116.46,136.56,20.10000000000001,85.3,One-cut Heroes
2024,6,13,151.5,170.4,18.900000000000006,88.9,Whos Yurdatty
2024,7,13,99.3,138.32,39.019999999999996,71.8,Cee Dees in the Face
2024,8,13,119.4,138.35999999999999,18.95999999999998,86.3,Here's to you
2024,9,13,159.26000000000002,191.56,32.29999999999998,83.1,Cartel Del Taco
2024,10,13,125.14,135.74,10.600000000000009,92.2,Team Clucker Fuckers
2024,11,13,103.68,121.87999999999998,18.199999999999974,85.1,Seattle  Ricks 
2024,12,13,159.34,168.94,9.599999999999994,94.3,El Ultimo Hombre
2024,1,14,107.16,116.26,9.100000000000009,92.2,LaPorta Potty
2024,2,14,135.72,138.62,2.9000000000000057,97.9,Show Me Dem TDs
2024,3,14,140.28,140.28,0.0,100.0,Kareemin' My Jeans
2024,4,14,209.88,214.98,5.099999999999994,97.6,Greendale Human Beings
2024,5,14,120.66,132.76,12.099999999999994,90.9,One-cut Heroes
2024,6,14,145.24,152.44000000000003,7.200000000000017,95.3,Whos Yurdatty
2024,7,14,137.52,176.99999999999997,39.47999999999996,77.7,Cee Dees in the Face
2024,8,14,243.18,243.18,0.0,100.0,Here's to you
2024,9,14,110.53999999999999,114.02000000000001,3.480000000000018,96.9,Cartel Del Taco
2024,10,14,84.82000000000001,84.82000000000001,0.0,100.0,Team Clucker Fuckers
2024,11,14,143.32,153.7,10.379999999999995,93.2,Seattle  Ricks 
2024,12,14,121.72,138.92000000000002,17.200000000000017,87.6,El Ultimo Hombre
2024,1,15,123.14,168.46,45.32000000000001,73.1,LaPorta Potty
2024,2,15,176.9,205.42000000000002,28.52000000000001,86.1,Show Me Dem TDs
2024,3,15,115.94000000000001,125.49999999999999,9.559999999999974,92.4,Kareemin' My Jeans
2024,4,15,111.30000000000001,152.70000000000002,41.400000000000006,72.9,Greendale Human Beings
2024,5,15,138.04,140.04000000000002,2.0000000000000284,98.6,One-cut Heroes
2024,6,15,104.14000000000001,122.34,18.19999999999999,85.1,Whos Yurdatty
2024,7,15,134.4,141.60000000000002,7.200000000000017,94.9,Cee Dees in the Face
2024,8,15,157.64000000000001,158.78,1.1399999999999864,99.3,Here's to you
2024,9,15,149.86,182.06,32.19999999999999,82.3,Cartel Del Taco
2024,10,15,122.16,135.14000000000001,12.980000000000018,90.4,Team Clucker Fuckers
2024,11,15,117.98,150.1,32.11999999999999,78.6,Seattle  Ricks 
2024,12,15,160.96,195.86,34.900000000000006,82.2,El Ultimo Hombre
2024,1,16,163.74,183.16000000000003,19.420000000000016,89.4,LaPorta Potty
2024,2,16,138.84,169.61999999999998,30.779999999999973,81.9,Show Me Dem TDs
2024,3,16,77.9,103.4,25.5,75.3,Kareemin' My Jeans
2024,4,16,145.88,183.17999999999998,37.29999999999998,79.6,Greendale Human Beings
2024,5,16,165.28000000000003,167.38000000000002,2.0999999999999943,98.7,One-cut Heroes
2024,6,16,111.69999999999999,139.85999999999999,28.159999999999997,79.9,Whos Yurdatty
2024,7,16,134.5,140.2,5.699999999999989,95.9,Cee Dees in the Face
2024,8,16,158.64,195.64,37.0,81.1,Here's to you
2024,9,16,123.38,156.48,33.099999999999994,78.8,Cartel Del Taco
2024,10,16,89.67999999999999,139.32000000000002,49.64000000000003,64.4,Team Clucker Fuckers
2024,11,16,174.76,195.16,20.400000000000006,89.5,Seattle  Ricks 
2024,12,16,139.64000000000001,152.84000000000003,13.200000000000017,91.4,El Ultimo Hombre
2024,1,17,156.9,179.2,22.299999999999983,87.6,LaPorta Potty
2024,2,17,136.10000000000002,184.96,48.859999999999985,73.6,Show Me Dem TDs
2024,3,17,99.2,110.19999999999999,10.999999999999986,90.0,Kareemin' My Jeans
2024,4,17,114.42,146.72,32.3,78.0,Greendale Human Beings
2024,5,17,122.38,138.07999999999998,15.699999999999989,88.6,One-cut Heroes
2024,6,17,159.62,195.82000000000002,36.20000000000002,81.5,Whos Yurdatty
2024,7,17,77.46,108.55999999999999,31.099999999999994,71.4,Cee Dees in the Face
2024,8,17,134.48000000000002,164.28,29.799999999999983,81.9,Here's to you
2024,9,17,97.30000000000001,121.7,24.39999999999999,80.0,Cartel Del Taco
2024,10,17,109.17999999999999,179.48000000000002,70.30000000000003,60.8,Team Clucker Fuckers
2024,11,17,127.54,136.98,9.439999999999984,93.1,Seattle  Ricks 
2024,12,17,169.52,194.72,25.19999999999999,87.1,El Ultimo Hombre
2025,1,1,118.52,133.42000000000002,14.90000000000002,88.8,"Two Gibbs, One Kupp"
2025,2,1,111.82000000000001,138.22000000000003,26.40000000000002,80.9,Show Me Dem TDs
2025,3,1,137.12,156.72,19.599999999999994,87.5,Shooting Ropes💦
2025,4,1,104.78,125.08,20.299999999999997,83.8,Flipadelphia Cheesestoinks
2025,5,1,124.98,124.98,0.0,100.0,One-cut Heroes
2025,6,1,133.76,162.16,28.400000000000006,82.5,Whos Yurdatty
2025,7,1,122.96,161.26,38.3,76.2,Allen to this!
2025,8,1,103.92000000000002,153.42000000000002,49.5,67.7,Run CMC
2025,9,1,66.68,103.92000000000002,37.24000000000001,64.2,Cartel Del Taco
2025,10,1,123.20000000000002,133.39999999999998,10.19999999999996,92.4,Team Clucker Fuckers
2025,11,1,132.12,147.82000000000002,15.700000000000017,89.4,Seattle  Ricks 
2025,12,1,122.72,134.52,11.800000000000011,91.2,Blunder Bust 2000
2025,1,2,138.28,164.86,26.580000000000013,83.9,"Two Gibbs, One Kupp"
2025,2,2,120.63999999999999,135.34,14.700000000000017,89.1,Show Me Dem TDs
2025,3,2,135.7,165.29999999999998,29.599999999999994,82.1,Shooting Ropes💦
2025,4,2,104.53999999999999,134.44,29.900000000000006,77.8,Flipadelphia Cheesestoinks
2025,5,2,123.1,141.7,18.599999999999994,86.9,One-cut Heroes
2025,6,2,115.60000000000001,130.70000000000002,15.100000000000009,88.4,Whos Yurdatty
2025,7,2,175.42,199.74,24.32000000000002,87.8,Allen to this!
2025,8,2,140.64000000000001,155.44000000000003,14.800000000000011,90.5,Run CMC
2025,9,2,102.7,144.2,41.499999999999986,71.2,Cartel Del Taco
2025,10,2,147.54,161.34000000000003,13.80000000000004,91.4,Team Clucker Fuckers
2025,11,2,131.4,154.48000000000002,23.080000000000013,85.1,Seattle  Ricks 
2025,12,2,126.48,134.18,7.700000000000003,94.3,Blunder Bust 2000
2025,1,3,124.25999999999999,132.16,7.900000000000006,94.0,"Two Gibbs, One Kupp"
2025,2,3,133.64000000000001,139.14000000000001,5.5,96.0,Show Me Dem TDs
2025,3,3,122.36000000000001,140.05999999999997,17.69999999999996,87.4,Shooting Ropes💦
2025,4,3,162.04000000000002,170.04,7.999999999999972,95.3,Flipadelphia Cheesestoinks
2025,5,3,80.82,114.41999999999999,33.599999999999994,70.6,One-cut Heroes
2025,6,3,114.72,141.62000000000003,26.900000000000034,81.0,Whos Yurdatty
2025,7,3,130.02,151.72000000000003,21.700000000000017,85.7,Allen to this!
2025,8,3,145.54,171.46,25.920000000000016,84.9,Run CMC
2025,9,3,149.52,174.42,24.899999999999977,85.7,Cartel Del Taco
2025,10,3,129.51999999999998,141.22,11.700000000000017,91.7,Team Clucker Fuckers
2025,11,3,132.8,132.79999999999998,-2.842170943040401e-14,100.0,Seattle  Ricks 
2025,12,3,124.62,136.32,11.699999999999989,91.4,Blunder Bust 2000
2025,1,4,130.2,157.39999999999998,27.19999999999999,82.7,"Two Gibbs, One Kupp"
2025,2,4,155.9,160.20000000000002,4.300000000000011,97.3,Show Me Dem TDs
2025,3,4,133.39999999999998,154.54000000000002,21.140000000000043,86.3,Shooting Ropes💦
2025,4,4,107.5,142.4,34.900000000000006,75.5,Flipadelphia Cheesestoinks
2025,5,4,138.98000000000002,154.56,15.579999999999984,89.9,One-cut Heroes
2025,6,4,123.38,152.64000000000001,29.26000000000002,80.8,Whos Yurdatty
2025,7,4,164.45999999999998,167.66,3.200000000000017,98.1,Allen to this!
2025,8,4,160.28,198.26,37.97999999999999,80.8,Run CMC
2025,9,4,106.98,150.92,43.93999999999998,70.9,Cartel Del Taco
2025,10,4,178.77999999999997,197.48000000000002,18.700000000000045,90.5,Team Clucker Fuckers
2025,11,4,128.82,132.42000000000002,3.6000000000000227,97.3,Seattle  Ricks 
2025,12,4,124.88000000000001,165.58,40.7,75.4,Blunder Bust 2000
2025,1,5,144.22,169.22,25.0,85.2,"Two Gibbs, One Kupp"
2025,2,5,149.16,162.46,13.300000000000011,91.8,Show Me Dem TDs
2025,3,5,129.52,129.72,0.19999999999998863,99.8,Shooting Ropes💦
2025,4,5,161.12,163.62000000000003,2.5000000000000284,98.5,Flipadelphia Cheesestoinks
2025,5,5,115.75999999999999,122.46,6.700000000000003,94.5,One-cut Heroes
2025,6,5,155.46,179.46000000000004,24.00000000000003,86.6,Whos Yurdatty
2025,7,5,140.92,162.01999999999998,21.099999999999994,87.0,Allen to this!
2025,8,5,139.78,147.38,7.599999999999994,94.8,Run CMC
2025,9,5,118.42,123.52000000000001,5.1000000000000085,95.9,Cartel Del Taco
2025,10,5,136.58,152.93999999999997,16.359999999999957,89.3,Team Clucker Fuckers
2025,11,5,121.84,153.54000000000002,31.700000000000017,79.4,Seattle  Ricks 
2025,12,5,114.82,119.62,4.800000000000011,96.0,Blunder Bust 2000
2025,1,6,137.88,150.68,12.800000000000011,91.5,"Two Gibbs, One Kupp"
2025,2,6,102.14,110.14,8.0,92.7,Show Me Dem TDs
2025,3,6,120.42,126.62,6.200000000000003,95.1,Shooting Ropes💦
2025,4,6,147.22,149.52000000000004,2.30000000000004,98.5,Flipadelphia Cheesestoinks
2025,5,6,114.13999999999999,132.64,18.5,86.1,One-cut Heroes
2025,6,6,110.26,121.46000000000001,11.200000000000003,90.8,Whos Yurdatty
2025,7,6,102.1,113.4,11.300000000000011,90.0,Allen to this!
2025,8,6,173.64,220.83999999999997,47.19999999999999,78.6,Run CMC
2025,9,6,82.68,101.54,18.86,81.4,Cartel Del Taco
2025,10,6,156.28,158.90000000000003,2.620000000000033,98.4,Team Clucker Fuckers
2025,11,6,152.94,155.64,2.6999999999999886,98.3,Seattle  Ricks 
2025,12,6,125.26,130.66000000000003,5.40000000000002,95.9,Blunder Bust 2000
2025,1,7,188.64,211.94,23.30000000000001,89.0,"Two Gibbs, One Kupp"
2025,2,7,133.18,133.18,0.0,100.0,Show Me Dem TDs
2025,3,7,95.94,102.84,6.900000000000006,93.3,Shooting Ropes💦
2025,4,7,148.34,161.94,13.599999999999994,91.6,Flipadelphia Cheesestoinks
2025,5,7,77.11999999999999,95.32,18.200000000000003,80.9,One-cut Heroes
2025,6,7,105.16000000000001,138.35999999999999,33.199999999999974,76.0,Whos Yurdatty
2025,7,7,139.76,160.66,20.900000000000006,87.0,Allen to this!
2025,8,7,178.96,214.52,35.56,83.4,Run CMC
2025,9,7,94.88000000000001,152.58,57.7,62.2,Cartel Del Taco
2025,10,7,153.12,156.62,3.5,97.8,Team Clucker Fuckers
2025,11,7,121.74000000000001,144.5,22.75999999999999,84.2,Seattle  Ricks 
2025,12,7,135.06,151.95999999999998,16.899999999999977,88.9,Blunder Bust 2000
2025,1,8,141.76000000000002,164.36,22.599999999999994,86.2,"Two Gibbs, One Kupp"
2025,2,8,161.72,161.72000000000003,2.842170943040401e-14,100.0,Show Me Dem TDs
2025,3,8,111.42000000000002,115.82,4.399999999999977,96.2,Shooting Ropes💦
2025,4,8,175.26000000000002,183.56,8.299999999999983,95.5,Flipadelphia Cheesestoinks
2025,5,8,114.97999999999999,145.70000000000002,30.720000000000027,78.9,One-cut Heroes
2025,6,8,103.28000000000002,120.48000000000002,17.200000000000003,85.7,Whos Yurdatty
2025,7,8,168.82000000000002,177.72000000000003,8.900000000000006,95.0,Allen to this!
2025,8,8,142.12,170.72000000000003,28.600000000000023,83.2,Run CMC
2025,9,8,110.84,124.84,14.0,88.8,Cartel Del Taco
2025,10,8,112.38,120.18000000000002,7.800000000000026,93.5,Team Clucker Fuckers
2025,11,8,148.98,157.28,8.300000000000011,94.7,Seattle  Ricks 
2025,12,8,129.1,134.8,5.700000000000017,95.8,Blunder Bust 2000
2025,1,9,85.4,122.96000000000001,37.56,69.5,"Two Gibbs, One Kupp"
2025,2,9,122.33999999999999,122.34,1.4210854715202004e-14,100.0,Show Me Dem TDs
2025,3,9,143.9,165.1,21.19999999999999,87.2,Shooting Ropes💦
2025,4,9,114.50000000000001,123.7,9.199999999999989,92.6,Flipadelphia Cheesestoinks
2025,5,9,155.62,165.32,9.699999999999989,94.1,One-cut Heroes
2025,6,9,164.16,165.26000000000005,1.1000000000000512,99.3,Whos Yurdatty
2025,7,9,136.22000000000003,139.62000000000003,3.4000000000000057,97.6,Allen to this!
2025,8,9,152.29999999999998,166.14000000000001,13.840000000000032,91.7,Run CMC
2025,9,9,109.26,149.6,40.33999999999999,73.0,Cartel Del Taco
2025,10,9,148.57999999999998,170.70000000000002,22.120000000000033,87.0,Team Clucker Fuckers
2025,11,9,127.7,140.20000000000002,12.500000000000014,91.1,Seattle  Ricks 
2025,12,9,149.52,156.82,7.299999999999983,95.3,Blunder Bust 2000
2025,1,10,179.5,185.90000000000003,6.400000000000034,96.6,"Two Gibbs, One Kupp"
2025,2,10,164.2,172.2,8.0,95.4,Show Me Dem TDs
2025,3,10,93.62,119.02000000000001,25.400000000000006,78.7,Shooting Ropes💦
2025,4,10,121.52,156.16,34.64,77.8,Flipadelphia Cheesestoinks
2025,5,10,133.42000000000002,174.52,41.099999999999994,76.4,One-cut Heroes
2025,6,10,103.23999999999998,104.44,1.200000000000017,98.9,Whos Yurdatty
2025,7,10,103.53999999999999,119.74,16.200000000000003,86.5,Allen to this!
2025,8,10,112.38000000000001,121.38,8.999999999999986,92.6,Run CMC
2025,9,10,103.10000000000001,156.6,53.499999999999986,65.8,Cartel Del Taco
2025,10,10,149.2,170.3,21.100000000000023,87.6,Team Clucker Fuckers
2025,11,10,133.3,142.20000000000002,8.900000000000006,93.7,Seattle  Ricks 
2025,12,10,144.94,157.64000000000001,12.700000000000017,91.9,Blunder Bust 2000
2025,1,11,124.84000000000002,132.94000000000003,8.100000000000009,93.9,"Two Gibbs, One Kupp"
2025,2,11,74.3,79.39999999999999,5.099999999999994,93.6,Show Me Dem TDs
2025,3,11,103.96,116.42,12.460000000000008,89.3,Shooting Ropes💦
2025,4,11,104.69999999999999,104.7,1.4210854715202004e-14,100.0,Flipadelphia Cheesestoinks
2025,5,11,107.78,138.98,31.19999999999999,77.6,One-cut Heroes
2025,6,11,123.02,154.6,31.58,79.6,Whos Yurdatty
2025,7,11,124.18,134.88,10.699999999999989,92.1,Allen to this!
2025,8,11,156.72000000000003,167.42000000000002,10.699999999999989,93.6,Run CMC
2025,9,11,162.04,165.34000000000003,3.30000000000004,98.0,Cartel Del Taco
2025,10,11,135.46,142.16000000000003,6.700000000000017,95.3,Team Clucker Fuckers
2025,11,11,110.84,166.49999999999997,55.65999999999997,66.6,Seattle  Ricks 
2025,12,11,128.36,136.06,7.699999999999989,94.3,Blunder Bust 2000
2025,1,12,147.78,156.36,8.580000000000013,94.5,"Two Gibbs, One Kupp"
2025,2,12,90.22,90.22,0.0,100.0,Show Me Dem TDs
2025,3,12,121.72,143.84,22.120000000000005,84.6,Shooting Ropes💦
2025,4,12,125.86,140.46,14.600000000000009,89.6,Flipadelphia Cheesestoinks
2025,5,12,136.68,174.38000000000002,37.70000000000002,78.4,One-cut Heroes
2025,6,12,110.72,124.41999999999999,13.699999999999989,89.0,Whos Yurdatty
2025,7,12,110.82000000000002,118.42,7.59999999999998,93.6,Allen to this!
2025,8,12,175.96,179.46,3.5,98.0,Run CMC
2025,9,12,113.36,134.06,20.700000000000003,84.6,Cartel Del Taco
2025,10,12,94.74,98.56,3.8200000000000074,96.1,Team Clucker Fuckers
2025,11,12,158.72,163.11999999999995,4.399999999999949,97.3,Seattle  Ricks 
2025,12,12,128.86,136.86,8.0,94.2,Blunder Bust 2000
2025,1,13,175.33999999999997,180.73999999999998,5.400000000000006,97.0,"Two Gibbs, One Kupp"
2025,2,13,80.22,101.74000000000001,21.52000000000001,78.8,Show Me Dem TDs
2025,3,13,124.7,171.66000000000003,46.96000000000002,72.6,Shooting Ropes💦
2025,4,13,119.0,134.9,15.900000000000006,88.2,Flipadelphia Cheesestoinks
2025,5,13,137.33999999999997,148.54,11.200000000000017,92.5,One-cut Heroes
2025,6,13,70.44000000000001,123.53999999999999,53.09999999999998,57.0,Whos Yurdatty
2025,7,13,110.62,151.51999999999998,40.89999999999998,73.0,Allen to this!
2025,8,13,138.4,164.0,25.599999999999994,84.4,Run CMC
2025,9,13,113.48,132.58,19.10000000000001,85.6,Cartel Del Taco
2025,10,13,127.24000000000001,145.04000000000002,17.80000000000001,87.7,Team Clucker Fuckers
2025,11,13,93.74000000000001,134.32,40.579999999999984,69.8,Seattle  Ricks 
2025,12,13,155.16,164.26,9.099999999999994,94.5,Blunder Bust 2000
2025,1,14,150.05999999999997,168.76,18.700000000000017,88.9,"Two Gibbs, One Kupp"
2025,2,14,143.95999999999998,150.46,6.500000000000028,95.7,Show Me Dem TDs
2025,3,14,96.76,112.76,16.0,85.8,Shooting Ropes💦
2025,4,14,127.30000000000001,127.3,-1.4210854715202004e-14,100.0,Flipadelphia Cheesestoinks
2025,5,14,134.38,144.34,9.960000000000008,93.1,One-cut Heroes
2025,6,14,141.48000000000002,172.36,30.879999999999995,82.1,Whos Yurdatty
2025,7,14,160.74,174.04,13.299999999999983,92.4,Allen to this!
2025,8,14,103.44,115.54,12.100000000000009,89.5,Run CMC
2025,9,14,78.9,102.14,23.239999999999995,77.2,Cartel Del Taco
2025,10,14,85.60000000000001,119.66000000000001,34.06,71.5,Team Clucker Fuckers
2025,11,14,116.66000000000003,127.86000000000001,11.199999999999989,91.2,Seattle  Ricks 
2025,12,14,158.66000000000003,172.35999999999999,13.69999999999996,92.1,Blunder Bust 2000
2025,1,15,133.86,204.22,70.35999999999999,65.5,"Two Gibbs, One Kupp"
2025,2,15,121.52,124.52000000000001,3.000000000000014,97.6,Show Me Dem TDs
2025,3,15,124.70000000000002,152.90000000000003,28.200000000000017,81.6,Shooting Ropes💦
2025,4,15,125.60000000000001,140.79999999999998,15.199999999999974,89.2,Flipadelphia Cheesestoinks
2025,5,15,168.18,194.06,25.879999999999995,86.7,One-cut Heroes
2025,6,15,110.9,143.98,33.079999999999984,77.0,Whos Yurdatty
2025,7,15,128.82,139.02,10.200000000000017,92.7,Allen to this!
2025,8,15,158.54000000000002,158.54,-2.842170943040401e-14,100.0,Run CMC
2025,9,15,109.8,119.98000000000002,10.180000000000021,91.5,Cartel Del Taco
2025,10,15,143.24,153.24,10.0,93.5,Team Clucker Fuckers
2025,11,15,189.10000000000002,193.50000000000003,4.400000000000006,97.7,Seattle  Ricks 
2025,12,15,145.94,165.94000000000003,20.00000000000003,87.9,Blunder Bust 2000
2025,1,16,199.16,201.56,2.4000000000000057,98.8,"Two Gibbs, One Kupp"
2025,2,16,138.58000000000004,144.18,5.599999999999966,96.1,Show Me Dem TDs
2025,3,16,138.96,183.45999999999998,44.49999999999997,75.7,Shooting Ropes💦
2025,4,16,115.4,122.4,7.0,94.3,Flipadelphia Cheesestoinks
2025,5,16,170.62,185.99999999999997,15.379999999999967,91.7,One-cut Heroes
2025,6,16,108.24000000000001,128.08,19.840000000000003,84.5,Whos Yurdatty
2025,7,16,109.20000000000002,125.7,16.499999999999986,86.9,Allen to this!
2025,8,16,175.16,188.95999999999998,13.799999999999983,92.7,Run CMC
2025,9,16,157.5,159.70000000000002,2.200000000000017,98.6,Cartel Del Taco
2025,10,16,100.7,108.69999999999999,7.999999999999986,92.6,Team Clucker Fuckers
2025,11,16,141.4,170.50000000000003,29.100000000000023,82.9,Seattle  Ricks 
2025,12,16,88.78000000000002,122.18,33.39999999999999,72.7,Blunder Bust 2000
2025,1,17,98.38,142.05999999999997,43.67999999999998,69.3,"Two Gibbs, One Kupp"
2025,2,17,80.36,94.89999999999998,14.539999999999978,84.7,Show Me Dem TDs
2025,3,17,108.42,142.82,34.39999999999999,75.9,Shooting Ropes💦
2025,4,17,103.80000000000001,124.6,20.799999999999983,83.3,Flipadelphia Cheesestoinks
2025,5,17,111.18000000000002,131.54,20.35999999999997,84.5,One-cut Heroes
2025,6,17,115.38000000000001,120.67999999999999,5.299999999999983,95.6,Whos Yurdatty
2025,7,17,149.48000000000002,164.98000000000002,15.5,90.6,Allen to this!
2025,8,17,141.78,152.28,10.5,93.1,Run CMC
2025,9,17,139.83999999999997,151.73999999999998,11.900000000000006,92.2,Cartel Del Taco
2025,10,17,114.98,135.98000000000002,21.000000000000014,84.6,Team Clucker Fuckers
2025,11,17,184.22000000000003,222.72000000000003,38.5,82.7,Seattle  Ricks 
2025,12,17,101.02,134.22,33.2,75.3,Blunder Bust 2000
