season,week,power_rank,team_name,power_score,win_pct,avg_points_for,recent_form
2022,1,1.0,False Shart,100.0,1.0,189.28,189.28
2022,1,2.0,Shart City Poo Bums,83.6,1.0,164.18,164.18
2022,1,3.0,Slim Pickins,67.2,1.0,139.04,139.04
2022,1,4.0,Whos Yurdatty,65.0,1.0,135.72,135.72
2022,1,5.0,Seattle  Ricks ,62.3,1.0,131.56,131.56
2022,1,6.0,Show Me Dem TDs,55.5,1.0,121.12,121.12
2022,1,7.0,Worst Cook,23.2,0.0,133.0,133.0
2022,1,8.0,Kareemin' My Jeans,21.2,0.0,129.82,129.82
2022,1,9.0,D. Adams Family,19.1,0.0,126.72,126.72
2022,1,10.0,Team Clucker Fuckers,4.9,0.0,104.9,104.9
2022,1,11.0,One-cut Heroes,1.9,0.0,100.36,100.36
2022,1,12.0,Greendale Human Beings,0.0,0.0,97.4,97.4
2022,2,1.0,Whos Yurdatty,100.0,1.0,181.51999999999998,181.51999999999998
2022,2,2.0,False Shart,89.6,1.0,168.82999999999998,168.82999999999998
2022,2,3.0,Kareemin' My Jeans,47.9,0.5,142.26999999999998,142.26999999999998
2022,2,4.0,Greendale Human Beings,47.0,0.5,141.13,141.13
2022,2,5.0,Shart City Poo Bums,42.0,0.5,135.08,135.08
2022,2,6.0,Worst Cook,41.1,0.5,133.98000000000002,133.98000000000002
2022,2,7.0,Seattle  Ricks ,40.9,0.5,133.66,133.66
2022,2,8.0,Show Me Dem TDs,40.7,0.5,133.4,133.4
2022,2,9.0,Team Clucker Fuckers,32.9,0.5,123.85000000000001,123.85000000000001
2022,2,10.0,Slim Pickins,25.3,0.5,114.57,114.57
2022,2,11.0,D. Adams Family,7.1,0.0,116.74000000000001,116.74000000000001
2022,2,12.0,One-cut Heroes,0.0,0.0,108.1,108.1
2022,3,1.0,Whos Yurdatty,100.0,1.0,171.08666666666667,171.08666666666667
2022,3,2.0,False Shart,85.9,1.0,156.58666666666667,156.58666666666667
2022,3,3.0,Kareemin' My Jeans,67.7,0.6666666666666666,151.64666666666665,151.64666666666665
2022,3,4.0,Greendale Human Beings,58.7,0.6666666666666666,142.36666666666667,142.36666666666667
2022,3,5.0,Show Me Dem TDs,39.6,0.6666666666666666,122.75333333333333,122.75333333333333
2022,3,6.0,Worst Cook,35.3,0.3333333333333333,132.07333333333335,132.07333333333335
2022,3,7.0,Seattle  Ricks ,35.2,0.3333333333333333,131.94,131.94
2022,3,8.0,Slim Pickins,33.8,0.6666666666666666,116.79333333333334,116.79333333333334
2022,3,9.0,Shart City Poo Bums,24.2,0.3333333333333333,120.60666666666668,120.60666666666668
2022,3,10.0,Team Clucker Fuckers,16.5,0.3333333333333333,112.76,112.76
2022,3,11.0,D. Adams Family,10.9,0.0,120.66000000000001,120.66000000000001
2022,3,12.0,One-cut Heroes,0.0,0.0,109.46,109.46
2022,4,1.0,Whos Yurdatty,100.0,1.0,166.20499999999998,176.36666666666665
2022,4,2.0,False Shart,57.4,0.75,147.62,133.73333333333335
2022,4,3.0,Kareemin' My Jeans,50.8,0.5,146.35,151.86
2022,4,4.0,Slim Pickins,48.5,0.75,134.105,132.46
2022,4,5.0,Seattle  Ricks ,38.7,0.5,136.18,137.72
2022,4,6.0,Greendale Human Beings,31.9,0.5,126.375,136.03333333333333
2022,4,7.0,Worst Cook,21.3,0.25,132.91500000000002,132.88666666666668
2022,4,8.0,Team Clucker Fuckers,20.8,0.5,117.81,122.11333333333334
2022,4,9.0,Show Me Dem TDs,19.2,0.5,118.38499999999999,117.47333333333331
2022,4,10.0,D. Adams Family,13.6,0.25,125.61500000000001,125.24666666666667
2022,4,11.0,One-cut Heroes,8.7,0.25,118.3,124.28000000000002
2022,4,12.0,Shart City Poo Bums,0.8,0.25,119.15,104.13999999999999
2022,5,1.0,Whos Yurdatty,95.5,0.8,156.956,140.57999999999998
2022,5,2.0,False Shart,95.4,0.8,153.548,143.35999999999999
2022,5,3.0,Slim Pickins,82.3,0.8,131.45999999999998,142.72
2022,5,4.0,Kareemin' My Jeans,80.0,0.6,145.372,147.44000000000003
2022,5,5.0,Seattle  Ricks ,71.0,0.6,137.728,140.43999999999997
2022,5,6.0,Team Clucker Fuckers,60.4,0.6,128.804,132.10666666666668
2022,5,7.0,Worst Cook,44.5,0.2,137.864,140.45333333333335
2022,5,8.0,Greendale Human Beings,31.0,0.4,123.748,112.16000000000001
2022,5,9.0,D. Adams Family,28.3,0.2,123.68800000000002,128.32000000000002
2022,5,10.0,Shart City Poo Bums,26.8,0.4,119.64000000000001,109.34666666666665
2022,5,11.0,Show Me Dem TDs,22.1,0.4,116.36799999999998,105.01333333333334
2022,5,12.0,One-cut Heroes,0.0,0.2,104.492,102.08666666666666
2022,6,1.0,False Shart,99.3,0.8333333333333334,150.45000000000002,144.31333333333336
2022,6,2.0,Whos Yurdatty,83.2,0.6666666666666666,151.61333333333332,132.14
2022,6,3.0,Kareemin' My Jeans,81.4,0.6666666666666666,144.16,136.67333333333332
2022,6,4.0,Seattle  Ricks ,80.0,0.6666666666666666,136.87666666666667,141.81333333333333
2022,6,5.0,Slim Pickins,71.8,0.6666666666666666,127.05333333333333,137.3133333333333
2022,6,6.0,Team Clucker Fuckers,55.2,0.5,121.90666666666665,131.05333333333334
2022,6,7.0,Shart City Poo Bums,50.1,0.5,121.47000000000001,122.33333333333333
2022,6,8.0,Worst Cook,47.9,0.16666666666666666,135.66,139.24666666666667
2022,6,9.0,D. Adams Family,43.0,0.3333333333333333,123.22333333333334,125.78666666666668
2022,6,10.0,Greendale Human Beings,38.2,0.5,121.68,100.99333333333334
2022,6,11.0,Show Me Dem TDs,29.2,0.3333333333333333,115.78666666666665,108.82
2022,6,12.0,One-cut Heroes,0.0,0.16666666666666666,100.16000000000001,90.86
2022,7,1.0,False Shart,98.3,0.8571428571428571,145.62857142857143,142.97333333333333
2022,7,2.0,Seattle  Ricks ,86.8,0.7142857142857143,139.4542857142857,143.81999999999996
2022,7,3.0,Whos Yurdatty,82.8,0.7142857142857143,147.44,122.42
2022,7,4.0,Kareemin' My Jeans,80.5,0.5714285714285714,144.05714285714288,141.0
2022,7,5.0,Team Clucker Fuckers,72.7,0.5714285714285714,129.1942857142857,144.37333333333333
2022,7,6.0,Worst Cook,58.2,0.2857142857142857,135.41714285714286,138.75333333333333
2022,7,7.0,Slim Pickins,56.4,0.5714285714285714,124.71428571428571,112.19333333333333
2022,7,8.0,Show Me Dem TDs,51.4,0.42857142857142855,121.08285714285714,124.68
2022,7,9.0,Shart City Poo Bums,48.8,0.42857142857142855,119.73428571428573,120.51333333333332
2022,7,10.0,Greendale Human Beings,44.1,0.42857142857142855,119.27428571428572,109.80666666666666
2022,7,11.0,D. Adams Family,41.7,0.2857142857142857,122.55428571428571,118.47333333333334
2022,7,12.0,One-cut Heroes,0.0,0.14285714285714285,98.89142857142858,73.01333333333334
2022,8,1.0,Seattle  Ricks ,88.0,0.75,146.57,161.30666666666664
2022,8,2.0,Kareemin' My Jeans,86.7,0.625,152.96249999999998,165.61333333333332
2022,8,3.0,False Shart,82.3,0.875,145.4275,131.89333333333335
2022,8,4.0,Whos Yurdatty,69.5,0.625,147.1625,130.84
2022,8,5.0,Team Clucker Fuckers,60.8,0.625,130.2825,132.74666666666667
2022,8,6.0,Show Me Dem TDs,54.0,0.5,125.05250000000001,139.52666666666667
2022,8,7.0,Greendale Human Beings,48.0,0.5,124.4075,125.50666666666666
2022,8,8.0,Slim Pickins,46.5,0.5,126.625,118.56666666666666
2022,8,9.0,Worst Cook,40.2,0.25,133.6125,126.52666666666669
2022,8,10.0,Shart City Poo Bums,34.3,0.375,118.36500000000001,116.24000000000001
2022,8,11.0,D. Adams Family,26.3,0.25,119.25750000000001,111.87333333333333
2022,8,12.0,One-cut Heroes,0.0,0.125,99.28,90.59333333333332
2022,9,1.0,Kareemin' My Jeans,93.3,0.6666666666666666,153.54666666666665,172.32000000000002
2022,9,2.0,Seattle  Ricks ,82.0,0.6666666666666666,143.07555555555552,155.47333333333333
2022,9,3.0,False Shart,76.6,0.7777777777777778,141.50222222222223,123.60666666666668
2022,9,4.0,Team Clucker Fuckers,71.6,0.6666666666666666,129.7888888888889,145.5533333333333
2022,9,5.0,Whos Yurdatty,65.7,0.5555555555555556,143.56888888888886,127.48
2022,9,6.0,Show Me Dem TDs,63.8,0.5555555555555556,126.33555555555556,147.43333333333337
2022,9,7.0,Greendale Human Beings,56.2,0.5555555555555556,124.10444444444445,128.95333333333335
2022,9,8.0,Slim Pickins,47.4,0.4444444444444444,125.15555555555557,121.36000000000001
2022,9,9.0,Worst Cook,45.7,0.2222222222222222,136.40444444444447,137.89333333333335
2022,9,10.0,D. Adams Family,42.8,0.3333333333333333,124.75555555555557,127.82000000000001
2022,9,11.0,Shart City Poo Bums,41.5,0.4444444444444444,118.93777777777778,113.87333333333333
2022,9,12.0,One-cut Heroes,0.0,0.1111111111111111,95.73555555555555,86.88666666666666
2022,10,1.0,Kareemin' My Jeans,100.0,0.7,149.32199999999997,161.60666666666665
2022,10,2.0,Seattle  Ricks ,82.7,0.6,142.06199999999998,148.14666666666668
2022,10,3.0,Whos Yurdatty,76.2,0.6,143.16799999999998,133.2
2022,10,4.0,False Shart,74.7,0.7,138.472,121.77333333333333
2022,10,5.0,Team Clucker Fuckers,63.1,0.6,127.824,124.62666666666667
2022,10,6.0,Slim Pickins,59.7,0.5,127.05800000000002,132.52666666666667
2022,10,7.0,Show Me Dem TDs,57.7,0.5,124.27799999999999,131.73333333333332
2022,10,8.0,D. Adams Family,57.6,0.4,128.062,140.91333333333333
2022,10,9.0,Shart City Poo Bums,57.1,0.5,123.34200000000001,131.76
2022,10,10.0,Greendale Human Beings,56.2,0.5,122.694,130.67333333333332
2022,10,11.0,Worst Cook,49.8,0.3,134.092,131.0
2022,10,12.0,One-cut Heroes,0.0,0.1,98.712,98.29333333333334
2022,11,1.0,Kareemin' My Jeans,88.1,0.7272727272727273,148.62545454545455,137.05999999999997
2022,11,2.0,Seattle  Ricks ,77.2,0.6363636363636364,142.8890909090909,133.07333333333335
2022,11,3.0,D. Adams Family,72.8,0.45454545454545453,131.6290909090909,164.62
2022,11,4.0,Whos Yurdatty,70.0,0.5454545454545454,142.50363636363636,130.08
2022,11,5.0,False Shart,67.9,0.7272727272727273,135.38181818181818,108.59333333333335
2022,11,6.0,Slim Pickins,58.4,0.45454545454545453,128.93818181818185,135.10666666666668
2022,11,7.0,Team Clucker Fuckers,57.7,0.5454545454545454,127.9090909090909,121.58
2022,11,8.0,Worst Cook,55.6,0.36363636363636365,133.96363636363637,134.9
2022,11,9.0,Greendale Human Beings,55.3,0.5454545454545454,123.73272727272727,121.93333333333334
2022,11,10.0,Shart City Poo Bums,52.1,0.45454545454545453,121.68545454545455,130.54
2022,11,11.0,Show Me Dem TDs,40.2,0.45454545454545453,119.75272727272727,105.62
2022,11,12.0,One-cut Heroes,0.0,0.09090909090909091,98.16,95.17333333333333
2022,12,1.0,Seattle  Ricks ,92.4,0.6666666666666666,143.60333333333332,145.1866666666667
2022,12,2.0,Whos Yurdatty,86.4,0.5833333333333334,143.57500000000002,143.59333333333333
2022,12,3.0,Kareemin' My Jeans,80.1,0.6666666666666666,145.60833333333332,121.79333333333334
2022,12,4.0,False Shart,77.1,0.75,135.79333333333332,118.66666666666667
2022,12,5.0,D. Adams Family,70.6,0.4166666666666667,130.45166666666668,147.54
2022,12,6.0,Slim Pickins,69.9,0.5,128.76166666666668,139.58
2022,12,7.0,Worst Cook,69.4,0.4166666666666667,136.95833333333334,138.62
2022,12,8.0,Team Clucker Fuckers,64.2,0.5833333333333334,127.88333333333333,122.16666666666667
2022,12,9.0,Shart City Poo Bums,57.4,0.4166666666666667,122.52833333333332,133.3
2022,12,10.0,Greendale Human Beings,55.2,0.5,123.14333333333333,120.25999999999999
2022,12,11.0,Show Me Dem TDs,33.3,0.4166666666666667,118.71833333333332,95.86666666666667
2022,12,12.0,One-cut Heroes,3.8,0.08333333333333333,97.425,102.49333333333334
2022,13,1.0,Seattle  Ricks ,99.0,0.6923076923076923,144.68,153.40666666666667
2022,13,2.0,Kareemin' My Jeans,91.6,0.6923076923076923,146.32307692307694,136.32666666666668
2022,13,3.0,Whos Yurdatty,80.3,0.5384615384615384,142.73384615384614,141.28666666666666
2022,13,4.0,False Shart,76.4,0.6923076923076923,134.38,120.74000000000001
2022,13,5.0,Slim Pickins,70.0,0.5384615384615384,129.4569230769231,137.45333333333335
2022,13,6.0,D. Adams Family,67.2,0.46153846153846156,131.08923076923077,141.18
2022,13,7.0,Worst Cook,67.0,0.38461538461538464,136.66000000000003,145.22000000000003
2022,13,8.0,Team Clucker Fuckers,60.1,0.5384615384615384,126.32461538461537,121.32666666666667
2022,13,9.0,Greendale Human Beings,56.7,0.46153846153846156,124.1246153846154,128.89333333333335
2022,13,10.0,Shart City Poo Bums,54.2,0.46153846153846156,123.61538461538461,124.52666666666669
2022,13,11.0,Show Me Dem TDs,28.5,0.38461538461538464,116.93076923076923,92.44
2022,13,12.0,One-cut Heroes,3.7,0.15384615384615385,99.02307692307691,100.06
2022,14,1.0,Seattle  Ricks ,95.0,0.7142857142857143,143.45142857142858,145.51333333333335
2022,14,2.0,Kareemin' My Jeans,93.5,0.7142857142857143,146.59857142857143,139.16666666666666
2022,14,3.0,Whos Yurdatty,88.7,0.5714285714285714,144.39714285714285,151.34
2022,14,4.0,Worst Cook,72.4,0.42857142857142855,136.99142857142857,148.09333333333333
2022,14,5.0,False Shart,71.6,0.6428571428571429,132.80857142857144,123.37333333333333
2022,14,6.0,Slim Pickins,68.8,0.5714285714285714,129.43571428571428,131.26
2022,14,7.0,Shart City Poo Bums,63.5,0.5,124.75857142857141,136.02666666666667
2022,14,8.0,Team Clucker Fuckers,50.9,0.5,124.65714285714284,112.73333333333333
2022,14,9.0,D. Adams Family,49.8,0.42857142857142855,128.25857142857143,115.89999999999999
2022,14,10.0,Greendale Human Beings,42.9,0.42857142857142855,121.03714285714287,111.15333333333335
2022,14,11.0,Show Me Dem TDs,35.1,0.35714285714285715,117.64285714285714,109.90666666666668
2022,14,12.0,One-cut Heroes,0.0,0.14285714285714285,97.53285714285714,95.23333333333335
2022,15,1.0,Whos Yurdatty,100.0,0.6,147.696,164.17999999999998
2022,15,2.0,Slim Pickins,68.4,0.5333333333333333,129.63333333333335,133.12
2022,15,3.0,False Shart,68.0,0.6,132.08533333333335,117.25333333333333
2022,15,4.0,Shart City Poo Bums,67.5,0.5333333333333333,125.33999999999999,136.58666666666667
2022,15,5.0,Worst Cook,56.5,0.4,134.70933333333335,125.71333333333332
2022,15,6.0,Team Clucker Fuckers,55.9,0.5333333333333333,124.90266666666665,112.98000000000002
2022,15,7.0,Show Me Dem TDs,49.8,0.4,120.82,129.22666666666666
2022,15,8.0,Greendale Human Beings,48.7,0.4666666666666667,121.40533333333335,114.45333333333333
2022,15,9.0,D. Adams Family,48.3,0.4,127.83466666666668,117.36666666666667
2022,15,10.0,One-cut Heroes,0.0,0.13333333333333333,98.27333333333334,101.66666666666667
2022,16,1.0,Whos Yurdatty,92.1,0.625,146.6,163.35333333333332
2022,16,2.0,Kareemin' My Jeans,81.1,0.6666666666666666,144.76133333333334,141.37333333333336
2022,16,2.0,Seattle  Ricks ,81.1,0.7333333333333333,142.088,136.02666666666667
2022,16,4.0,Slim Pickins,52.9,0.5625,128.56625,124.70666666666666
2022,16,5.0,Shart City Poo Bums,48.2,0.5,124.65375,129.15333333333334
2022,16,6.0,False Shart,46.5,0.5625,130.16625,111.90666666666665
2022,16,7.0,Show Me Dem TDs,45.5,0.4375,120.6725,136.88666666666668
2022,16,8.0,Greendale Human Beings,39.1,0.5,122.5675,115.82000000000001
2022,16,9.0,Team Clucker Fuckers,38.3,0.5,123.83125,113.02666666666666
2022,16,10.0,Worst Cook,33.9,0.375,131.985,111.72666666666667
2022,16,11.0,D. Adams Family,33.1,0.375,128.04500000000002,114.85333333333334
2022,16,12.0,One-cut Heroes,2.1,0.1875,102.0925,115.39333333333333
2022,17,1.0,Whos Yurdatty,88.7,0.5882352941176471,144.08705882352942,142.64
2022,17,2.0,Seattle  Ricks ,88.2,0.75,140.95625,124.82000000000001
2022,17,3.0,Slim Pickins,79.1,0.5882352941176471,131.44941176470587,140.84666666666666
2022,17,4.0,Kareemin' My Jeans,75.9,0.625,141.02625,118.07333333333334
2022,17,5.0,Greendale Human Beings,60.2,0.5294117647058824,121.8635294117647,125.71999999999998
2022,17,6.0,Team Clucker Fuckers,56.7,0.5294117647058824,123.36588235294117,117.34000000000002
2022,17,7.0,Shart City Poo Bums,53.1,0.5294117647058824,122.48588235294119,111.88
2022,17,8.0,D. Adams Family,52.9,0.4117647058823529,126.97176470588238,120.96666666666665
2022,17,9.0,False Shart,49.9,0.5294117647058824,127.04470588235293,100.14666666666665
2022,17,10.0,Show Me Dem TDs,49.2,0.4117647058823529,118.85176470588236,124.49333333333334
2022,17,11.0,Worst Cook,31.4,0.35294117647058826,128.20705882352945,87.21333333333332
2022,17,12.0,One-cut Heroes,14.6,0.17647058823529413,100.48588235294118,114.26666666666665
2023,1,1.0,El Ultimo Hombre,100.0,1.0,146.26,146.26
2023,1,2.0,Kareemin' My Jeans,92.3,1.0,137.84,137.84
2023,1,3.0,Greendale Human Beings,80.0,1.0,124.36,124.36
2023,1,4.0,Whos Yurdatty,76.9,1.0,121.02,121.02
2023,1,5.0,Olivas - Alone,61.1,1.0,103.74,103.74
2023,1,6.0,Team Clucker Fuckers,54.8,1.0,96.78,96.78
2023,1,7.0,False Shart,45.7,0.0,130.6,130.6
2023,1,8.0,One-cut Heroes,33.2,0.0,116.92,116.92
2023,1,9.0,Put it Justin??,28.3,0.0,111.54,111.54
2023,1,10.0,Seattle  Ricks ,15.9,0.0,98.08,98.08
2023,1,11.0,Show Me Dem TDs,9.6,0.0,91.1,91.1
2023,1,12.0,MaChungus,0.0,0.0,80.64,80.64
2023,2,1.0,Greendale Human Beings,100.0,1.0,142.02,142.02
2023,2,2.0,Olivas - Alone,92.1,1.0,136.35,136.35
2023,2,3.0,Whos Yurdatty,88.7,1.0,133.97,133.97
2023,2,4.0,Kareemin' My Jeans,86.0,1.0,131.99,131.99
2023,2,5.0,Team Clucker Fuckers,74.8,1.0,123.98,123.98
2023,2,6.0,El Ultimo Hombre,70.9,0.5,135.48,135.48
2023,2,7.0,One-cut Heroes,64.8,0.5,131.18,131.18
2023,2,8.0,False Shart,52.0,0.0,136.29,136.29
2023,2,9.0,Seattle  Ricks ,31.6,0.0,121.69,121.69
2023,2,10.0,Put it Justin??,5.8,0.0,103.24000000000001,103.24000000000001
2023,2,11.0,MaChungus,0.6,0.0,99.52000000000001,99.52000000000001
2023,2,12.0,Show Me Dem TDs,0.0,0.0,99.11,99.11
2023,3,1.0,Whos Yurdatty,100.0,1.0,144.28666666666666,144.28666666666666
2023,3,2.0,Greendale Human Beings,92.0,1.0,138.90666666666667,138.90666666666667
2023,3,3.0,Team Clucker Fuckers,78.4,1.0,129.76666666666668,129.76666666666668
2023,3,4.0,Olivas - Alone,72.6,0.6666666666666666,134.84,134.84
2023,3,5.0,One-cut Heroes,70.9,0.6666666666666666,133.70666666666668,133.70666666666668
2023,3,6.0,El Ultimo Hombre,70.5,0.3333333333333333,142.38666666666666,142.38666666666666
2023,3,7.0,Seattle  Ricks ,70.3,0.3333333333333333,142.25333333333333,142.25333333333333
2023,3,8.0,Kareemin' My Jeans,54.0,0.6666666666666666,122.37333333333333,122.37333333333333
2023,3,9.0,False Shart,41.1,0.0,131.57333333333332,131.57333333333332
2023,3,10.0,Show Me Dem TDs,38.3,0.3333333333333333,120.76666666666667,120.76666666666667
2023,3,11.0,MaChungus,4.3,0.0,106.84000000000002,106.84000000000002
2023,3,12.0,Put it Justin??,0.0,0.0,103.98,103.98
2023,4,1.0,Whos Yurdatty,85.2,0.75,140.965,147.61333333333332
2023,4,2.0,El Ultimo Hombre,76.2,0.5,145.075,144.67999999999998
2023,4,3.0,Team Clucker Fuckers,68.8,1.0,124.5,133.73999999999998
2023,4,4.0,Show Me Dem TDs,64.0,0.5,131.16500000000002,144.52
2023,4,5.0,Greendale Human Beings,63.4,0.75,130.745,132.87333333333333
2023,4,5.0,One-cut Heroes,63.4,0.5,134.565,140.44666666666666
2023,4,7.0,Seattle  Ricks ,62.4,0.25,136.26,148.98666666666668
2023,4,8.0,Olivas - Alone,52.6,0.5,127.36,135.23333333333332
2023,4,9.0,Kareemin' My Jeans,52.5,0.75,127.31,123.8
2023,4,10.0,False Shart,24.6,0.0,127.29499999999999,126.19333333333333
2023,4,11.0,MaChungus,14.9,0.25,110.435,120.36666666666667
2023,4,12.0,Put it Justin??,13.1,0.25,114.005,114.82666666666667
2023,5,1.0,El Ultimo Hombre,83.8,0.6,146.452,153.76666666666665
2023,5,2.0,Whos Yurdatty,74.1,0.6,141.34,146.25333333333333
2023,5,3.0,Team Clucker Fuckers,71.0,1.0,129.672,133.46666666666667
2023,5,4.0,Olivas - Alone,66.2,0.6,138.064,139.20666666666668
2023,5,5.0,Show Me Dem TDs,64.0,0.4,132.036,153.98666666666668
2023,5,6.0,Seattle  Ricks ,56.6,0.4,133.82,141.90666666666667
2023,5,7.0,Greendale Human Beings,50.7,0.6,131.88,125.12
2023,5,8.0,One-cut Heroes,40.8,0.4,128.356,126.47333333333331
2023,5,9.0,Kareemin' My Jeans,32.6,0.6,120.676,113.13333333333333
2023,5,10.0,Put it Justin??,32.4,0.4,117.624,127.21333333333332
2023,5,11.0,MaChungus,19.2,0.4,110.33600000000001,117.54666666666667
2023,5,12.0,False Shart,17.5,0.0,126.04399999999998,119.21333333333332
2023,6,1.0,Whos Yurdatty,86.7,0.6666666666666666,145.62,146.95333333333335
2023,6,2.0,Team Clucker Fuckers,79.1,1.0,133.07666666666668,136.38666666666666
2023,6,3.0,El Ultimo Hombre,68.0,0.5,140.5533333333333,138.72
2023,6,4.0,Olivas - Alone,59.3,0.5,134.83666666666667,134.83333333333334
2023,6,5.0,Greendale Human Beings,56.9,0.6666666666666666,132.79666666666665,126.68666666666667
2023,6,6.0,Show Me Dem TDs,49.6,0.3333333333333333,129.08,137.39333333333335
2023,6,7.0,Seattle  Ricks ,44.1,0.5,131.60666666666665,120.96
2023,6,8.0,Kareemin' My Jeans,34.0,0.6666666666666666,118.86333333333333,115.35333333333334
2023,6,9.0,MaChungus,25.8,0.5,113.20333333333333,119.56666666666666
2023,6,10.0,Put it Justin??,25.2,0.3333333333333333,114.50999999999999,125.04
2023,6,11.0,One-cut Heroes,22.7,0.3333333333333333,123.33666666666666,112.96666666666665
2023,6,12.0,False Shart,15.0,0.0,124.70999999999998,117.84666666666668
2023,7,1.0,Team Clucker Fuckers,93.5,1.0,134.96571428571428,148.92000000000002
2023,7,2.0,Whos Yurdatty,74.6,0.5714285714285714,140.4257142857143,139.70666666666668
2023,7,3.0,Olivas - Alone,71.1,0.5714285714285714,134.90285714285713,144.96
2023,7,4.0,Greendale Human Beings,62.9,0.7142857142857143,130.1457142857143,129.34666666666666
2023,7,5.0,El Ultimo Hombre,58.3,0.42857142857142855,137.91714285714286,128.37333333333333
2023,7,6.0,MaChungus,51.1,0.5714285714285714,121.92571428571429,137.24666666666667
2023,7,7.0,Seattle  Ricks ,38.3,0.42857142857142855,127.42857142857142,115.65333333333335
2023,7,8.0,Show Me Dem TDs,33.6,0.2857142857142857,126.64857142857143,120.62666666666667
2023,7,9.0,Kareemin' My Jeans,32.7,0.5714285714285714,119.90571428571427,110.03333333333335
2023,7,10.0,False Shart,32.6,0.14285714285714285,127.66571428571426,128.16
2023,7,11.0,Put it Justin??,24.4,0.42857142857142855,115.20285714285714,116.8
2023,7,12.0,One-cut Heroes,11.0,0.2857142857142857,118.86571428571428,97.93333333333334
2023,8,1.0,Team Clucker Fuckers,83.5,0.875,133.485,139.84
2023,8,2.0,Whos Yurdatty,74.0,0.625,140.345,138.6866666666667
2023,8,3.0,Greendale Human Beings,58.5,0.625,130.55,128.33333333333334
2023,8,4.0,False Shart,57.5,0.25,137.95499999999998,157.80666666666664
2023,8,5.0,Olivas - Alone,54.5,0.5,134.435,128.38666666666666
2023,8,6.0,El Ultimo Hombre,50.3,0.5,135.71499999999997,117.82
2023,8,7.0,Seattle  Ricks ,47.7,0.5,130.09,123.87333333333333
2023,8,8.0,MaChungus,45.1,0.5,120.56,137.6
2023,8,9.0,Show Me Dem TDs,39.3,0.375,129.275,124.67333333333333
2023,8,10.0,Kareemin' My Jeans,29.4,0.5,117.8,113.00666666666666
2023,8,11.0,One-cut Heroes,19.0,0.375,119.5925,104.98666666666668
2023,8,12.0,Put it Justin??,8.0,0.375,111.1875,100.46
2023,9,1.0,Team Clucker Fuckers,77.1,0.8888888888888888,132.42222222222225,131.11333333333334
2023,9,2.0,Olivas - Alone,65.6,0.5555555555555556,138.4888888888889,145.79333333333332
2023,9,3.0,El Ultimo Hombre,61.8,0.5555555555555556,138.8822222222222,135.54
2023,9,4.0,False Shart,60.0,0.3333333333333333,139.39333333333332,168.76
2023,9,5.0,Whos Yurdatty,52.5,0.5555555555555556,136.67333333333332,118.78000000000002
2023,9,6.0,Greendale Human Beings,48.7,0.5555555555555556,130.41333333333333,125.64666666666666
2023,9,7.0,Show Me Dem TDs,38.9,0.4444444444444444,128.29777777777778,126.73333333333335
2023,9,8.0,MaChungus,30.3,0.4444444444444444,118.82000000000001,130.0533333333333
2023,9,9.0,Seattle  Ricks ,29.1,0.4444444444444444,124.89555555555555,111.47333333333331
2023,9,10.0,Kareemin' My Jeans,27.4,0.4444444444444444,119.60222222222222,121.08
2023,9,11.0,Put it Justin??,11.3,0.4444444444444444,111.01555555555555,104.02666666666666
2023,9,12.0,One-cut Heroes,3.4,0.3333333333333333,114.21555555555557,95.97333333333334
2023,10,1.0,Team Clucker Fuckers,81.7,0.9,135.58800000000002,137.04
2023,10,2.0,False Shart,66.7,0.4,141.606,174.13333333333333
2023,10,3.0,Olivas - Alone,66.2,0.6,137.758,144.42
2023,10,4.0,Whos Yurdatty,54.9,0.5,137.718,131.4
2023,10,5.0,Greendale Human Beings,53.3,0.6,129.554,128.17333333333332
2023,10,6.0,El Ultimo Hombre,53.0,0.5,135.79799999999997,130.85333333333332
2023,10,7.0,Seattle  Ricks ,50.3,0.5,130.25799999999998,136.86
2023,10,8.0,Show Me Dem TDs,48.9,0.5,129.264,135.36666666666667
2023,10,9.0,MaChungus,26.8,0.4,119.86800000000001,115.06666666666668
2023,10,10.0,Kareemin' My Jeans,21.0,0.4,116.194,107.53333333333335
2023,10,11.0,One-cut Heroes,13.5,0.3,115.38,107.24666666666667
2023,10,12.0,Put it Justin??,6.7,0.4,107.324,88.94
2023,11,1.0,Olivas - Alone,84.0,0.6363636363636364,140.4818181818182,156.60666666666668
2023,11,2.0,Team Clucker Fuckers,79.4,0.8181818181818182,132.94727272727275,131.51333333333335
2023,11,3.0,False Shart,54.3,0.36363636363636365,140.26363636363635,146.42
2023,11,4.0,Greendale Human Beings,53.3,0.5454545454545454,130.76727272727274,131.34666666666666
2023,11,5.0,Show Me Dem TDs,51.0,0.5454545454545454,129.35818181818183,129.58
2023,11,6.0,El Ultimo Hombre,50.6,0.45454545454545453,135.1472727272727,133.63333333333333
2023,11,7.0,Whos Yurdatty,48.5,0.5454545454545454,133.97454545454545,116.98666666666668
2023,11,8.0,Seattle  Ricks ,43.7,0.45454545454545453,130.01636363636362,129.82000000000002
2023,11,9.0,MaChungus,32.9,0.45454545454545453,121.61454545454545,124.42666666666668
2023,11,10.0,One-cut Heroes,15.9,0.36363636363636365,118.05454545454545,113.95333333333333
2023,11,11.0,Put it Justin??,8.0,0.45454545454545453,108.43818181818182,101.10666666666667
2023,11,12.0,Kareemin' My Jeans,7.4,0.36363636363636365,114.22727272727273,104.7
2023,12,1.0,Team Clucker Fuckers,87.3,0.8333333333333334,133.66333333333333,137.38666666666666
2023,12,2.0,Olivas - Alone,68.1,0.5833333333333334,137.00500000000002,132.5533333333333
2023,12,3.0,Seattle  Ricks ,67.9,0.5,132.19666666666666,154.1
2023,12,4.0,Whos Yurdatty,65.3,0.5833333333333334,135.2,130.78
2023,12,5.0,El Ultimo Hombre,59.8,0.5,136.68166666666664,130.08
2023,12,6.0,MaChungus,58.0,0.5,125.915,147.20000000000002
2023,12,7.0,Greendale Human Beings,56.2,0.5,131.21,133.60000000000002
2023,12,8.0,Show Me Dem TDs,50.7,0.5,128.38666666666668,128.65333333333334
2023,12,9.0,False Shart,48.5,0.3333333333333333,137.58333333333331,132.15333333333334
2023,12,10.0,One-cut Heroes,32.9,0.3333333333333333,119.79666666666667,136.54
2023,12,11.0,Kareemin' My Jeans,13.0,0.4166666666666667,113.96499999999999,97.05333333333333
2023,12,12.0,Put it Justin??,6.9,0.4166666666666667,107.63999999999999,97.51333333333334
2023,13,1.0,El Ultimo Hombre,80.0,0.5384615384615384,140.47384615384615,156.05999999999997
2023,13,2.0,Seattle  Ricks ,72.4,0.5384615384615384,135.02615384615385,150.92
2023,13,3.0,Team Clucker Fuckers,72.1,0.7692307692307693,131.31538461538463,117.07333333333332
2023,13,4.0,Greendale Human Beings,70.3,0.5384615384615384,133.98615384615385,148.76000000000002
2023,13,5.0,Olivas - Alone,70.2,0.6153846153846154,136.18615384615384,130.9466666666667
2023,13,6.0,Whos Yurdatty,62.7,0.5384615384615384,135.89384615384614,129.81333333333336
2023,13,7.0,MaChungus,56.3,0.46153846153846156,126.42153846153846,148.26666666666668
2023,13,8.0,Show Me Dem TDs,56.1,0.5384615384615384,129.21230769230772,129.04
2023,13,9.0,False Shart,47.9,0.38461538461538464,137.50615384615384,123.83999999999999
2023,13,10.0,One-cut Heroes,24.9,0.3076923076923077,118.14923076923077,127.38
2023,13,11.0,Put it Justin??,14.7,0.38461538461538464,108.36923076923075,111.85333333333334
2023,13,12.0,Kareemin' My Jeans,9.5,0.38461538461538464,111.43230769230769,95.56
2023,14,1.0,Team Clucker Fuckers,81.0,0.7857142857142857,132.44285714285715,130.59333333333333
2023,14,2.0,Seattle  Ricks ,80.0,0.5714285714285714,137.12714285714284,163.2
2023,14,3.0,Whos Yurdatty,69.3,0.5714285714285714,135.71142857142857,142.08
2023,14,4.0,Greendale Human Beings,66.4,0.5714285714285714,133.06571428571428,141.49333333333334
2023,14,5.0,El Ultimo Hombre,61.7,0.5,136.0285714285714,139.26
2023,14,6.0,Show Me Dem TDs,59.3,0.5714285714285714,130.01000000000002,132.4
2023,14,7.0,Olivas - Alone,48.7,0.5714285714285714,132.38857142857142,102.71333333333332
2023,14,8.0,MaChungus,48.5,0.42857142857142855,126.76571428571428,145.65333333333334
2023,14,9.0,False Shart,34.7,0.35714285714285715,134.22142857142856,112.06666666666666
2023,14,10.0,One-cut Heroes,30.3,0.35714285714285715,121.12571428571428,132.38666666666666
2023,14,11.0,Put it Justin??,4.3,0.35714285714285715,107.59285714285713,104.49333333333334
2023,14,12.0,Kareemin' My Jeans,2.5,0.35714285714285715,110.0342857142857,94.66000000000001
2023,15,1.0,Whos Yurdatty,100.0,0.6,140.13866666666667,159.89333333333335
2023,15,2.0,Greendale Human Beings,84.3,0.6,132.65066666666664,138.41333333333333
2023,15,3.0,Show Me Dem TDs,69.1,0.5333333333333333,129.31733333333335,133.04
2023,15,4.0,Olivas - Alone,60.8,0.5333333333333333,131.35466666666667,108.75333333333333
2023,15,5.0,El Ultimo Hombre,57.1,0.4666666666666667,133.29333333333332,119.74
2023,15,6.0,MaChungus,56.3,0.4666666666666667,127.00800000000001,131.38
2023,15,7.0,One-cut Heroes,41.8,0.4,122.05866666666667,131.10666666666665
2023,15,8.0,False Shart,35.8,0.3333333333333333,133.35999999999999,116.46666666666668
2023,15,9.0,Put it Justin??,16.3,0.4,106.73066666666665,103.09333333333332
2023,15,10.0,Kareemin' My Jeans,1.8,0.3333333333333333,108.77333333333333,88.00666666666666
2023,16,1.0,Team Clucker Fuckers,91.3,0.7333333333333333,134.736,139.02666666666667
2023,16,2.0,Whos Yurdatty,89.7,0.625,138.66,150.64666666666668
2023,16,3.0,Greendale Human Beings,87.9,0.625,137.0075,150.1
2023,16,4.0,Seattle  Ricks ,76.4,0.5333333333333333,135.23999999999998,147.41333333333333
2023,16,5.0,Olivas - Alone,61.1,0.5625,131.82625000000002,112.93333333333332
2023,16,6.0,Show Me Dem TDs,59.5,0.5,129.14374999999998,128.84666666666666
2023,16,7.0,One-cut Heroes,54.5,0.4375,123.025,144.15333333333334
2023,16,8.0,MaChungus,53.3,0.4375,127.42625,131.78
2023,16,9.0,False Shart,36.1,0.3125,132.20625,109.24000000000001
2023,16,10.0,El Ultimo Hombre,33.3,0.4375,129.39375,81.38000000000001
2023,16,11.0,Put it Justin??,19.0,0.4375,106.39750000000001,97.85333333333334
2023,16,12.0,Kareemin' My Jeans,17.6,0.375,109.57499999999999,101.52666666666669
2023,17,1.0,Team Clucker Fuckers,95.5,0.75,135.98125,156.20000000000002
2023,17,2.0,Greendale Human Beings,89.6,0.6470588235294118,138.1564705882353,161.91333333333333
2023,17,3.0,Whos Yurdatty,76.4,0.5882352941176471,137.43529411764706,145.48000000000002
2023,17,4.0,Seattle  Ricks ,58.0,0.5,134.12875000000003,130.23999999999998
2023,17,5.0,Olivas - Alone,57.6,0.5882352941176471,129.80117647058825,117.72666666666667
2023,17,6.0,One-cut Heroes,52.1,0.47058823529411764,125.29294117647059,144.74
2023,17,7.0,MaChungus,47.1,0.47058823529411764,126.99529411764706,128.0666666666667
2023,17,8.0,False Shart,42.0,0.35294117647058826,133.3235294117647,129.13333333333333
2023,17,9.0,Show Me Dem TDs,41.7,0.47058823529411764,127.21058823529411,114.14666666666669
2023,17,10.0,El Ultimo Hombre,25.3,0.4117647058823529,127.46588235294118,87.50666666666666
2023,17,11.0,Put it Justin??,15.1,0.4117647058823529,108.07882352941178,110.34666666666665
2023,17,12.0,Kareemin' My Jeans,4.9,0.35294117647058826,108.15999999999998,99.41333333333334
2024,1,1.0,Greendale Human Beings,100.0,1.0,172.08,172.08
2024,1,2.0,Whos Yurdatty,90.9,1.0,158.52,158.52
2024,1,3.0,Here's to you,89.1,1.0,155.88,155.88
2024,1,4.0,Team Clucker Fuckers,85.1,1.0,149.96,149.96
2024,1,5.0,LaPorta Potty,82.2,1.0,145.66,145.66
2024,1,6.0,El Ultimo Hombre,60.2,1.0,113.0,113.0
2024,1,7.0,One-cut Heroes,37.2,0.0,138.26,138.26
2024,1,8.0,Seattle  Ricks ,23.8,0.0,118.34,118.34
2024,1,9.0,Show Me Dem TDs,17.2,0.0,108.52,108.52
2024,1,10.0,Cartel Del Taco,10.9,0.0,99.1,99.1
2024,1,11.0,Cee Dees in the Face,5.1,0.0,90.62,90.62
2024,1,12.0,Kareemin' My Jeans,0.0,0.0,82.98,82.98
2024,2,1.0,Here's to you,100.0,1.0,149.57,149.57
2024,2,2.0,LaPorta Potty,97.8,1.0,147.57999999999998,147.57999999999998
2024,2,3.0,Team Clucker Fuckers,90.5,1.0,141.10000000000002,141.10000000000002
2024,2,4.0,Whos Yurdatty,69.8,0.5,140.46,140.46
2024,2,5.0,Greendale Human Beings,69.0,0.5,139.78,139.78
2024,2,6.0,Cartel Del Taco,66.1,0.5,137.17000000000002,137.17000000000002
2024,2,7.0,Seattle  Ricks ,56.4,0.5,128.45,128.45
2024,2,8.0,Show Me Dem TDs,43.9,0.5,117.27,117.27
2024,2,9.0,El Ultimo Hombre,42.0,0.5,115.57,115.57
2024,2,10.0,One-cut Heroes,36.0,0.0,128.15,128.15
2024,2,11.0,Cee Dees in the Face,8.7,0.0,103.7,103.7
2024,2,12.0,Kareemin' My Jeans,0.0,0.0,95.94,95.94
2024,3,1.0,LaPorta Potty,100.0,1.0,149.85333333333332,149.85333333333332
2024,3,2.0,Seattle  Ricks ,85.3,0.6666666666666666,148.66,148.66
2024,3,3.0,Team Clucker Fuckers,64.7,0.6666666666666666,130.75333333333336,130.75333333333336
2024,3,4.0,Cartel Del Taco,63.6,0.6666666666666666,129.82666666666668,129.82666666666668
2024,3,5.0,Here's to you,62.4,0.6666666666666666,128.77333333333334,128.77333333333334
2024,3,6.0,Greendale Human Beings,61.5,0.3333333333333333,139.52666666666667,139.52666666666667
2024,3,7.0,Whos Yurdatty,59.5,0.3333333333333333,137.86,137.86
2024,3,8.0,Show Me Dem TDs,57.2,0.6666666666666666,124.2,124.2
2024,3,9.0,One-cut Heroes,41.7,0.3333333333333333,122.35333333333334,122.35333333333334
2024,3,10.0,El Ultimo Hombre,37.7,0.3333333333333333,118.84666666666665,118.84666666666665
2024,3,11.0,Cee Dees in the Face,34.2,0.3333333333333333,115.79333333333334,115.79333333333334
2024,3,12.0,Kareemin' My Jeans,0.0,0.0,97.66666666666667,97.66666666666667
2024,4,1.0,Seattle  Ricks ,100.0,0.75,147.55,157.28666666666666
2024,4,2.0,LaPorta Potty,95.0,0.75,147.14,147.63333333333333
2024,4,3.0,Cartel Del Taco,78.5,0.75,127.21000000000001,136.58
2024,4,3.0,Team Clucker Fuckers,78.5,0.75,134.09500000000003,128.80666666666667
2024,4,5.0,Here's to you,77.0,0.75,133.73,126.34666666666665
2024,4,6.0,One-cut Heroes,68.7,0.5,135.46,134.52666666666667
2024,4,7.0,Whos Yurdatty,67.5,0.5,137.18,130.06666666666666
2024,4,8.0,Show Me Dem TDs,62.3,0.5,126.15,132.02666666666667
2024,4,9.0,Cee Dees in the Face,39.4,0.25,115.75999999999999,124.13999999999999
2024,4,10.0,Greendale Human Beings,37.8,0.25,125.57000000000001,110.06666666666666
2024,4,11.0,El Ultimo Hombre,33.0,0.25,113.55999999999999,113.74666666666667
2024,4,12.0,Kareemin' My Jeans,0.0,0.0,93.265,96.69333333333334
2024,5,1.0,LaPorta Potty,96.2,0.8,147.98,148.24666666666667
2024,5,2.0,One-cut Heroes,87.5,0.6,144.10399999999998,154.74
2024,5,3.0,Seattle  Ricks ,81.1,0.6,140.23200000000003,148.08666666666667
2024,5,4.0,Cartel Del Taco,73.7,0.8,131.6,127.88666666666666
2024,5,5.0,Team Clucker Fuckers,71.0,0.8,130.94,124.16666666666667
2024,5,6.0,Here's to you,61.2,0.6,133.096,122.11333333333334
2024,5,7.0,Cee Dees in the Face,58.5,0.4,126.46,141.63333333333333
2024,5,8.0,Whos Yurdatty,50.1,0.4,130.192,123.34666666666665
2024,5,9.0,Show Me Dem TDs,46.9,0.4,122.61600000000001,126.18
2024,5,10.0,El Ultimo Hombre,34.1,0.4,114.29599999999998,113.44666666666667
2024,5,11.0,Greendale Human Beings,27.8,0.2,122.444,110.88666666666667
2024,5,12.0,Kareemin' My Jeans,0.0,0.0,100.84,104.10666666666667
2024,6,1.0,LaPorta Potty,100.0,0.8333333333333334,156.67999999999998,163.5066666666667
2024,6,2.0,One-cut Heroes,71.9,0.5,142.97333333333333,163.59333333333333
2024,6,3.0,Here's to you,53.3,0.6666666666666666,128.16333333333333,127.55333333333333
2024,6,4.0,Cartel Del Taco,48.6,0.6666666666666666,125.73666666666666,121.64666666666666
2024,6,5.0,Show Me Dem TDs,47.5,0.5,129.17333333333335,134.14666666666668
2024,6,6.0,Whos Yurdatty,46.5,0.5,133.04666666666665,128.23333333333332
2024,6,7.0,Team Clucker Fuckers,45.4,0.6666666666666666,124.17666666666668,117.60000000000001
2024,6,8.0,Seattle  Ricks ,45.1,0.5,135.69333333333336,122.72666666666667
2024,6,9.0,Cee Dees in the Face,37.3,0.3333333333333333,126.3,136.80666666666664
2024,6,10.0,Greendale Human Beings,20.8,0.3333333333333333,124.32333333333334,109.12
2024,6,11.0,El Ultimo Hombre,17.7,0.3333333333333333,115.74666666666666,112.64666666666666
2024,6,12.0,Kareemin' My Jeans,2.9,0.16666666666666666,105.99333333333334,114.32
2024,7,1.0,LaPorta Potty,100.0,0.8571428571428571,155.03142857142853,165.5533333333333
2024,7,2.0,One-cut Heroes,62.7,0.5714285714285714,139.72571428571428,145.41333333333333
2024,7,3.0,Cartel Del Taco,58.1,0.7142857142857143,127.3742857142857,127.59333333333332
2024,7,4.0,Show Me Dem TDs,57.3,0.5714285714285714,132.86285714285717,141.81333333333333
2024,7,5.0,Here's to you,45.2,0.5714285714285714,127.83428571428571,119.97333333333334
2024,7,6.0,Seattle  Ricks ,41.0,0.42857142857142855,136.56285714285715,121.91333333333334
2024,7,7.0,Whos Yurdatty,36.5,0.42857142857142855,129.95142857142858,120.31333333333333
2024,7,8.0,El Ultimo Hombre,32.6,0.42857142857142855,118.86857142857141,125.94666666666667
2024,7,9.0,Greendale Human Beings,30.9,0.2857142857142857,128.54000000000002,132.5
2024,7,10.0,Cee Dees in the Face,28.4,0.2857142857142857,123.42571428571429,133.64666666666668
2024,7,11.0,Team Clucker Fuckers,28.3,0.5714285714285714,117.12857142857145,94.50666666666666
2024,7,12.0,Kareemin' My Jeans,8.7,0.2857142857142857,102.59714285714287,115.04
2024,8,1.0,LaPorta Potty,100.0,0.875,155.1175,167.01333333333332
2024,8,2.0,Show Me Dem TDs,54.1,0.5,132.98000000000002,150.25333333333336
2024,8,3.0,Here's to you,52.4,0.625,132.48000000000002,131.45333333333335
2024,8,4.0,One-cut Heroes,44.8,0.5,137.35750000000002,126.11333333333334
2024,8,5.0,Whos Yurdatty,39.1,0.375,132.6025,136.62
2024,8,6.0,Cartel Del Taco,38.4,0.625,124.595,112.92
2024,8,7.0,El Ultimo Hombre,37.3,0.5,120.77250000000001,131.5666666666667
2024,8,8.0,Seattle  Ricks ,36.6,0.375,135.595,127.86666666666667
2024,8,9.0,Greendale Human Beings,35.1,0.25,131.3675,146.24
2024,8,10.0,Team Clucker Fuckers,33.6,0.625,121.82000000000002,106.62
2024,8,11.0,Cee Dees in the Face,29.0,0.375,125.79499999999999,124.68666666666667
2024,8,12.0,Kareemin' My Jeans,4.3,0.25,106.2375,115.23333333333333
2024,9,1.0,LaPorta Potty,97.6,0.8888888888888888,154.79777777777778,151.03333333333333
2024,9,2.0,Seattle  Ricks ,55.0,0.4444444444444444,140.4711111111111,150.02666666666667
2024,9,3.0,Here's to you,54.6,0.5555555555555556,133.63555555555558,144.58
2024,9,4.0,Show Me Dem TDs,49.9,0.5555555555555556,132.39333333333335,138.83333333333334
2024,9,5.0,Greendale Human Beings,45.8,0.3333333333333333,134.39333333333332,154.53333333333333
2024,9,6.0,One-cut Heroes,41.4,0.5555555555555556,136.0888888888889,122.32
2024,9,7.0,Team Clucker Fuckers,38.3,0.5555555555555556,125.63333333333337,128.54666666666665
2024,9,8.0,El Ultimo Hombre,28.6,0.4444444444444444,120.81111111111113,130.94
2024,9,9.0,Whos Yurdatty,23.9,0.3333333333333333,130.61777777777777,125.75999999999999
2024,9,10.0,Cartel Del Taco,22.1,0.5555555555555556,120.44222222222223,109.85333333333331
2024,9,11.0,Cee Dees in the Face,16.3,0.3333333333333333,124.47111111111109,120.81333333333333
2024,9,12.0,Kareemin' My Jeans,8.7,0.3333333333333333,111.58444444444444,122.76666666666667
2024,10,1.0,LaPorta Potty,90.9,0.8,149.38600000000002,136.21333333333334
2024,10,2.0,Here's to you,71.3,0.6,134.36600000000004,149.60666666666665
2024,10,3.0,Show Me Dem TDs,62.2,0.6,133.73200000000003,135.76
2024,10,4.0,Team Clucker Fuckers,58.4,0.6,124.43800000000003,141.4933333333333
2024,10,5.0,Greendale Human Beings,56.7,0.4,135.204,150.75333333333333
2024,10,6.0,Seattle  Ricks ,50.2,0.4,136.98600000000002,137.97333333333333
2024,10,7.0,One-cut Heroes,39.9,0.5,132.24200000000002,114.78000000000002
2024,10,8.0,El Ultimo Hombre,35.1,0.5,120.00000000000003,122.64
2024,10,9.0,Cartel Del Taco,30.6,0.6,119.968,102.68666666666667
2024,10,10.0,Cee Dees in the Face,28.9,0.3,125.70799999999997,131.03333333333333
2024,10,11.0,Whos Yurdatty,27.7,0.3,128.594,125.42666666666666
2024,10,12.0,Kareemin' My Jeans,18.7,0.3,111.63399999999999,132.72
2024,11,1.0,LaPorta Potty,95.7,0.8181818181818182,152.16727272727275,144.29999999999998
2024,11,2.0,Show Me Dem TDs,66.9,0.6363636363636364,135.02363636363637,140.47333333333333
2024,11,3.0,Greendale Human Beings,61.6,0.45454545454545453,136.77454545454546,151.19333333333336
2024,11,4.0,Here's to you,59.9,0.5454545454545454,134.64545454545458,140.42
2024,11,5.0,Seattle  Ricks ,54.1,0.45454545454545453,136.6109090909091,139.32000000000002
2024,11,6.0,Team Clucker Fuckers,41.5,0.5454545454545454,122.78363636363639,125.35333333333334
2024,11,7.0,Whos Yurdatty,39.9,0.36363636363636365,132.52545454545455,132.32000000000002
2024,11,8.0,El Ultimo Hombre,37.5,0.45454545454545453,123.08909090909093,129.26666666666665
2024,11,9.0,One-cut Heroes,37.3,0.45454545454545453,132.0690909090909,117.96666666666665
2024,11,10.0,Cee Dees in the Face,26.2,0.36363636363636365,124.30909090909087,120.34666666666665
2024,11,11.0,Cartel Del Taco,24.6,0.5454545454545454,118.75272727272727,103.17333333333333
2024,11,12.0,Kareemin' My Jeans,16.8,0.2727272727272727,112.74,130.08
2024,12,1.0,LaPorta Potty,85.8,0.8333333333333334,149.30166666666668,132.8133333333333
2024,12,2.0,Show Me Dem TDs,63.5,0.5833333333333334,135.735,145.76000000000002
2024,12,3.0,Greendale Human Beings,59.8,0.5,137.64166666666668,147.38666666666668
2024,12,4.0,Whos Yurdatty,54.8,0.4166666666666667,135.88833333333332,151.70000000000002
2024,12,5.0,El Ultimo Hombre,38.9,0.5,124.40333333333335,135.18
2024,12,6.0,Team Clucker Fuckers,38.2,0.5833333333333334,125.30166666666669,124.30666666666667
2024,12,7.0,Seattle  Ricks ,35.3,0.4166666666666667,136.57833333333335,124.90000000000002
2024,12,8.0,Here's to you,32.9,0.5,130.28333333333336,120.22666666666667
2024,12,9.0,One-cut Heroes,27.2,0.4166666666666667,131.94333333333333,119.50666666666666
2024,12,10.0,Cartel Del Taco,15.9,0.5,118.25833333333333,111.70666666666666
2024,12,11.0,Cee Dees in the Face,14.0,0.3333333333333333,123.53499999999997,120.72666666666667
2024,12,12.0,Kareemin' My Jeans,11.3,0.3333333333333333,115.39166666666665,126.81333333333333
2024,13,1.0,LaPorta Potty,90.9,0.8461538461538461,149.0846153846154,148.08
2024,13,2.0,Whos Yurdatty,60.0,0.46153846153846156,137.08923076923077,165.40666666666667
2024,13,3.0,Show Me Dem TDs,52.0,0.5384615384615384,135.6246153846154,141.93333333333334
2024,13,4.0,El Ultimo Hombre,48.4,0.5384615384615384,127.09076923076924,150.7266666666667
2024,13,5.0,Greendale Human Beings,42.3,0.46153846153846156,135.20615384615385,135.21333333333334
2024,13,6.0,Team Clucker Fuckers,34.8,0.5384615384615384,125.2892307692308,128.12666666666667
2024,13,7.0,Here's to you,30.9,0.5384615384615384,129.4461538461539,113.04666666666667
2024,13,8.0,Cartel Del Taco,30.1,0.5384615384615384,121.41230769230768,126.22666666666665
2024,13,9.0,Seattle  Ricks ,29.8,0.38461538461538464,134.04769230769233,124.25333333333334
2024,13,10.0,One-cut Heroes,27.4,0.38461538461538464,130.75230769230768,125.78666666666665
2024,13,11.0,Kareemin' My Jeans,21.3,0.38461538461538464,117.69076923076922,137.88
2024,13,12.0,Cee Dees in the Face,3.8,0.3076923076923077,121.6707692307692,108.21333333333332
2024,14,1.0,LaPorta Potty,75.0,0.7857142857142857,146.09,123.80666666666666
2024,14,2.0,Greendale Human Beings,69.3,0.5,140.54,154.34666666666666
2024,14,3.0,Whos Yurdatty,67.7,0.5,137.67142857142855,156.54
2024,14,4.0,Here's to you,67.0,0.5714285714285714,137.57000000000002,148.29333333333332
2024,14,5.0,Show Me Dem TDs,56.9,0.5714285714285714,135.6314285714286,137.86
2024,14,6.0,El Ultimo Hombre,42.8,0.5,126.70714285714287,139.97333333333336
2024,14,7.0,Cartel Del Taco,32.2,0.5714285714285714,120.63571428571427,127.54
2024,14,8.0,Kareemin' My Jeans,31.4,0.42857142857142855,119.3042857142857,143.37333333333333
2024,14,9.0,Seattle  Ricks ,31.0,0.35714285714285715,134.71,127.74000000000001
2024,14,10.0,Team Clucker Fuckers,23.4,0.5,122.39857142857146,120.98666666666666
2024,14,11.0,One-cut Heroes,21.8,0.35714285714285715,130.03142857142856,122.55999999999999
2024,14,12.0,Cee Dees in the Face,3.9,0.2857142857142857,122.8028571428571,117.28000000000002
2024,15,1.0,Show Me Dem TDs,99.7,0.6,138.3826666666667,148.97333333333333
2024,15,2.0,Greendale Human Beings,78.8,0.4666666666666667,138.59066666666666,142.38666666666668
2024,15,3.0,El Ultimo Hombre,76.0,0.5333333333333333,128.99066666666667,147.34
2024,15,4.0,Cartel Del Taco,68.3,0.6,122.58399999999999,139.88666666666668
2024,15,5.0,Whos Yurdatty,67.1,0.4666666666666667,135.436,133.62666666666667
2024,15,6.0,Seattle  Ricks ,46.9,0.4,133.59466666666668,121.66000000000001
2024,15,7.0,One-cut Heroes,44.9,0.4,130.56533333333334,125.05333333333333
2024,15,8.0,Kareemin' My Jeans,34.1,0.4,119.07999999999998,133.83333333333334
2024,15,9.0,Team Clucker Fuckers,29.1,0.4666666666666667,122.3826666666667,110.70666666666666
2024,15,10.0,Cee Dees in the Face,17.1,0.26666666666666666,123.57599999999998,123.74000000000001
2024,16,1.0,LaPorta Potty,86.1,0.8,147.26666666666668,139.12666666666667
2024,16,2.0,Here's to you,75.5,0.6,138.97466666666668,173.74
2024,16,3.0,Show Me Dem TDs,62.6,0.5625,138.41125,150.48666666666668
2024,16,4.0,Greendale Human Beings,60.1,0.5,139.04625,155.68666666666667
2024,16,5.0,Seattle  Ricks ,48.1,0.4375,136.16750000000002,145.35333333333332
2024,16,6.0,El Ultimo Hombre,45.0,0.5,129.65625,140.77333333333334
2024,16,7.0,One-cut Heroes,43.1,0.4375,132.735,141.32666666666668
2024,16,8.0,Cartel Del Taco,38.1,0.5625,122.63375,127.92666666666668
2024,16,9.0,Whos Yurdatty,35.9,0.4375,133.9525,120.36
2024,16,10.0,Cee Dees in the Face,22.2,0.3125,124.25874999999999,135.47333333333333
2024,16,11.0,Team Clucker Fuckers,14.0,0.4375,120.33875,98.88666666666666
2024,16,12.0,Kareemin' My Jeans,10.1,0.375,116.50625,111.37333333333333
2024,17,1.0,LaPorta Potty,86.6,0.8125,147.86874999999998,142.6
2024,17,2.0,Here's to you,72.2,0.5625,138.69375,178.76666666666665
2024,17,3.0,Show Me Dem TDs,63.4,0.5882352941176471,138.27529411764704,150.61333333333334
2024,17,4.0,El Ultimo Hombre,55.3,0.5294117647058824,132.00117647058823,156.70666666666668
2024,17,5.0,Seattle  Ricks ,48.0,0.47058823529411764,135.66000000000003,140.09333333333333
2024,17,6.0,Greendale Human Beings,43.8,0.47058823529411764,137.59764705882353,123.86666666666667
2024,17,7.0,Whos Yurdatty,42.3,0.47058823529411764,135.46235294117645,125.15333333333335
2024,17,8.0,One-cut Heroes,40.9,0.4117647058823529,132.1258823529412,141.9
2024,17,9.0,Cartel Del Taco,33.0,0.5294117647058824,121.1435294117647,123.51333333333334
2024,17,10.0,Team Clucker Fuckers,21.0,0.47058823529411764,119.68235294117648,107.00666666666666
2024,17,11.0,Cee Dees in the Face,12.2,0.29411764705882354,121.50588235294117,115.45333333333332
2024,17,12.0,Kareemin' My Jeans,4.5,0.35294117647058826,115.48823529411764,97.68
2025,1,1.0,Shooting Ropes💦,100.0,1.0,137.12,137.12
2025,1,2.0,Whos Yurdatty,97.1,1.0,133.76,133.76
2025,1,3.0,Seattle  Ricks ,95.7,1.0,132.12,132.12
2025,1,4.0,Team Clucker Fuckers,88.1,1.0,123.2,123.2
2025,1,5.0,Allen to this!,87.9,1.0,122.96,122.96
2025,1,6.0,"Two Gibbs, One Kupp",84.2,1.0,118.52,118.52
2025,1,7.0,One-cut Heroes,49.7,0.0,124.98,124.98
2025,1,8.0,Blunder Bust 2000,47.7,0.0,122.72,122.72
2025,1,9.0,Show Me Dem TDs,38.4,0.0,111.82,111.82
2025,1,10.0,Flipadelphia Cheesestoinks,32.5,0.0,104.78,104.78
2025,1,11.0,Run CMC,31.7,0.0,103.92,103.92
2025,1,12.0,Cartel Del Taco,0.0,0.0,66.68,66.68
2025,2,1.0,Allen to this!,100.0,1.0,149.19,149.19
2025,2,2.0,Shooting Ropes💦,88.1,1.0,136.41,136.41
2025,2,3.0,Team Clucker Fuckers,87.1,1.0,135.37,135.37
2025,2,4.0,Seattle  Ricks ,83.8,1.0,131.76,131.76
2025,2,5.0,"Two Gibbs, One Kupp",80.7,1.0,128.4,128.4
2025,2,6.0,Whos Yurdatty,57.2,0.5,124.67999999999999,124.67999999999999
2025,2,7.0,Run CMC,55.0,0.5,122.28,122.28
2025,2,8.0,Blunder Bust 2000,37.1,0.0,124.6,124.6
2025,2,9.0,One-cut Heroes,36.6,0.0,124.03999999999999,124.03999999999999
2025,2,10.0,Show Me Dem TDs,29.3,0.0,116.22999999999999,116.22999999999999
2025,2,11.0,Flipadelphia Cheesestoinks,18.6,0.0,104.66,104.66
2025,2,12.0,Cartel Del Taco,0.0,0.0,84.69,84.69
2025,3,1.0,Allen to this!,86.7,0.6666666666666666,142.79999999999998,142.79999999999998
2025,3,2.0,Shooting Ropes💦,81.8,1.0,131.72666666666666,131.72666666666666
2025,3,3.0,"Two Gibbs, One Kupp",74.1,1.0,127.02,127.02
2025,3,4.0,Team Clucker Fuckers,71.2,0.6666666666666666,133.42,133.42
2025,3,5.0,Seattle  Ricks ,69.1,0.6666666666666666,132.10666666666665,132.10666666666665
2025,3,6.0,Run CMC,65.7,0.6666666666666666,130.03333333333333,130.03333333333333
2025,3,7.0,Flipadelphia Cheesestoinks,42.1,0.3333333333333333,123.78666666666668,123.78666666666668
2025,3,8.0,Show Me Dem TDs,39.2,0.3333333333333333,122.03333333333332,122.03333333333332
2025,3,9.0,Whos Yurdatty,38.1,0.3333333333333333,121.36,121.36
2025,3,10.0,Blunder Bust 2000,30.1,0.0,124.60666666666667,124.60666666666667
2025,3,11.0,Cartel Del Taco,13.3,0.3333333333333333,106.3,106.3
2025,3,12.0,One-cut Heroes,5.5,0.0,109.63333333333333,109.63333333333333
2025,4,1.0,Allen to this!,90.0,0.75,148.215,156.63333333333333
2025,4,2.0,Team Clucker Fuckers,84.2,0.75,144.76,151.9466666666667
2025,4,3.0,Run CMC,76.8,0.75,137.595,148.81999999999996
2025,4,4.0,Shooting Ropes💦,69.9,1.0,132.145,130.48666666666668
2025,4,5.0,"Two Gibbs, One Kupp",57.1,0.75,127.815,130.91333333333333
2025,4,6.0,Show Me Dem TDs,53.2,0.5,130.5,136.72666666666666
2025,4,7.0,Seattle  Ricks ,49.7,0.5,131.285,131.0066666666667
2025,4,8.0,Blunder Bust 2000,30.9,0.25,124.675,125.32666666666667
2025,4,9.0,Flipadelphia Cheesestoinks,26.9,0.25,119.715,124.69333333333333
2025,4,10.0,Whos Yurdatty,23.6,0.25,121.865,117.89999999999999
2025,4,11.0,Cartel Del Taco,13.9,0.25,106.47,119.73333333333335
2025,4,12.0,One-cut Heroes,7.5,0.0,116.97,114.3
2025,5,1.0,Allen to this!,97.2,0.8,146.756,145.13333333333333
2025,5,2.0,Team Clucker Fuckers,86.9,0.6,143.124,148.29333333333332
2025,5,3.0,Run CMC,83.1,0.6,138.03199999999998,148.53333333333333
2025,5,4.0,Show Me Dem TDs,78.2,0.6,134.232,146.23333333333332
2025,5,5.0,"Two Gibbs, One Kupp",74.8,0.8,131.096,132.89333333333332
2025,5,6.0,Shooting Ropes💦,71.6,0.8,131.62,128.42666666666665
2025,5,7.0,Flipadelphia Cheesestoinks,61.1,0.4,127.99600000000001,143.5533333333333
2025,5,8.0,Seattle  Ricks ,59.3,0.6,129.39600000000002,127.82000000000001
2025,5,9.0,Whos Yurdatty,51.4,0.4,128.584,131.18666666666667
2025,5,10.0,Blunder Bust 2000,28.8,0.2,122.704,121.44
2025,5,11.0,Cartel Del Taco,20.7,0.2,108.85999999999999,124.97333333333334
2025,5,12.0,One-cut Heroes,6.2,0.0,116.728,111.85333333333334
2025,6,1.0,Run CMC,91.0,0.6666666666666666,143.96666666666667,157.9
2025,6,2.0,Team Clucker Fuckers,83.6,0.5,145.31666666666666,157.21333333333334
2025,6,3.0,"Two Gibbs, One Kupp",79.3,0.8333333333333334,132.22666666666666,137.4333333333333
2025,6,4.0,Allen to this!,75.6,0.6666666666666666,139.31333333333333,135.82666666666668
2025,6,5.0,Shooting Ropes💦,72.2,0.8333333333333334,129.75333333333333,127.78000000000002
2025,6,6.0,Seattle  Ricks ,70.5,0.6666666666666666,133.32000000000002,134.53333333333333
2025,6,7.0,Flipadelphia Cheesestoinks,63.1,0.5,131.20000000000002,138.61333333333334
2025,6,8.0,Show Me Dem TDs,59.9,0.5,128.88333333333333,135.73333333333332
2025,6,9.0,Whos Yurdatty,46.1,0.3333333333333333,125.52999999999999,129.70000000000002
2025,6,10.0,Blunder Bust 2000,40.0,0.3333333333333333,123.13,121.65333333333332
2025,6,11.0,One-cut Heroes,19.7,0.0,116.29666666666667,122.96
2025,6,12.0,Cartel Del Taco,8.0,0.16666666666666666,104.49666666666667,102.69333333333334
2025,7,1.0,Run CMC,93.3,0.7142857142857143,148.96571428571428,164.12666666666667
2025,7,2.0,"Two Gibbs, One Kupp",91.0,0.8571428571428571,140.28571428571428,156.91333333333333
2025,7,3.0,Team Clucker Fuckers,77.9,0.5714285714285714,146.43142857142857,148.66
2025,7,4.0,Flipadelphia Cheesestoinks,71.2,0.5714285714285714,133.64857142857144,152.2266666666667
2025,7,5.0,Allen to this!,70.3,0.7142857142857143,139.37714285714284,127.59333333333332
2025,7,6.0,Seattle  Ricks ,60.7,0.5714285714285714,131.6657142857143,132.17333333333332
2025,7,7.0,Shooting Ropes💦,55.2,0.7142857142857143,124.92285714285715,115.29333333333334
2025,7,8.0,Show Me Dem TDs,50.8,0.42857142857142855,129.49714285714285,128.16
2025,7,9.0,Whos Yurdatty,44.2,0.42857142857142855,122.61999999999999,123.62666666666667
2025,7,10.0,Blunder Bust 2000,39.6,0.2857142857142857,124.8342857142857,125.04666666666667
2025,7,11.0,Cartel Del Taco,6.7,0.14285714285714285,103.12285714285714,98.66000000000001
2025,7,12.0,One-cut Heroes,6.6,0.0,110.7,102.33999999999999
2025,8,1.0,Run CMC,100.0,0.75,148.11,164.90666666666667
2025,8,2.0,"Two Gibbs, One Kupp",90.9,0.75,140.47,156.09333333333333
2025,8,3.0,Allen to this!,84.3,0.75,143.0575,136.89333333333332
2025,8,4.0,Flipadelphia Cheesestoinks,82.2,0.625,138.85,156.94
2025,8,5.0,Team Clucker Fuckers,69.3,0.5,142.175,140.59333333333333
2025,8,6.0,Seattle  Ricks ,63.9,0.5,133.82999999999998,141.22
2025,8,7.0,Show Me Dem TDs,59.9,0.5,133.525,132.34666666666666
2025,8,8.0,Shooting Ropes💦,50.8,0.625,123.23499999999999,109.26
2025,8,9.0,Blunder Bust 2000,45.2,0.375,125.36749999999999,129.80666666666664
2025,8,10.0,Whos Yurdatty,31.4,0.375,120.2025,106.23333333333335
2025,8,11.0,One-cut Heroes,7.5,0.125,111.235,102.08
2025,8,12.0,Cartel Del Taco,0.0,0.125,104.0875,96.13333333333333
2025,9,1.0,Run CMC,100.0,0.7777777777777778,148.57555555555555,157.79333333333335
2025,9,2.0,Allen to this!,90.3,0.7777777777777778,142.29777777777778,148.26666666666665
2025,9,3.0,"Two Gibbs, One Kupp",72.7,0.6666666666666666,134.35111111111112,138.6
2025,9,4.0,Flipadelphia Cheesestoinks,71.5,0.5555555555555556,136.14444444444445,146.03333333333333
2025,9,4.0,Team Clucker Fuckers,71.5,0.5555555555555556,142.88666666666666,138.02666666666667
2025,9,6.0,Show Me Dem TDs,58.2,0.4444444444444444,132.28222222222223,139.08
2025,9,7.0,Seattle  Ricks ,55.3,0.4444444444444444,133.14888888888888,132.80666666666664
2025,9,8.0,Shooting Ropes💦,54.5,0.6666666666666666,125.5311111111111,117.08666666666666
2025,9,9.0,Blunder Bust 2000,48.0,0.3333333333333333,128.0511111111111,137.89333333333332
2025,9,10.0,Whos Yurdatty,44.9,0.4444444444444444,125.08666666666666,124.2
2025,9,11.0,One-cut Heroes,20.7,0.2222222222222222,116.16666666666667,115.90666666666668
2025,9,12.0,Cartel Del Taco,0.0,0.1111111111111111,104.66222222222223,104.99333333333334
2025,10,1.0,Run CMC,90.1,0.8,144.956,135.6
2025,10,2.0,Allen to this!,79.9,0.7,138.422,136.19333333333333
2025,10,3.0,"Two Gibbs, One Kupp",79.8,0.7,138.866,135.5533333333333
2025,10,4.0,Show Me Dem TDs,75.8,0.5,135.474,149.42
2025,10,5.0,Team Clucker Fuckers,72.7,0.5,143.518,136.72
2025,10,6.0,Flipadelphia Cheesestoinks,72.1,0.6,134.682,137.09333333333333
2025,10,7.0,Blunder Bust 2000,59.9,0.4,129.74,141.18666666666667
2025,10,8.0,Seattle  Ricks ,59.2,0.4,133.164,136.66
2025,10,9.0,Shooting Ropes💦,48.0,0.6,122.34,116.31333333333333
2025,10,10.0,Whos Yurdatty,42.2,0.4,122.902,123.56
2025,10,11.0,One-cut Heroes,40.7,0.3,117.89200000000001,134.67333333333332
2025,10,12.0,Cartel Del Taco,0.0,0.1,104.506,107.73333333333335
2025,11,1.0,Run CMC,96.2,0.8181818181818182,146.02545454545455,140.46666666666667
2025,11,2.0,Team Clucker Fuckers,80.2,0.5454545454545454,142.78545454545454,144.41333333333333
2025,11,3.0,"Two Gibbs, One Kupp",67.5,0.6363636363636364,137.5909090909091,129.91333333333333
2025,11,4.0,Blunder Bust 2000,60.2,0.45454545454545453,129.61454545454546,140.94000000000003
2025,11,5.0,Allen to this!,58.7,0.6363636363636364,137.12727272727273,121.31333333333333
2025,11,6.0,Whos Yurdatty,44.2,0.45454545454545453,122.91272727272727,130.14
2025,11,7.0,Flipadelphia Cheesestoinks,41.2,0.5454545454545454,131.95636363636365,113.57333333333332
2025,11,8.0,Show Me Dem TDs,40.3,0.45454545454545453,129.91272727272727,120.27999999999999
2025,11,9.0,Seattle  Ricks ,39.2,0.36363636363636365,131.13454545454545,123.94666666666667
2025,11,10.0,One-cut Heroes,35.6,0.36363636363636365,116.97272727272728,132.2733333333333
2025,11,11.0,Shooting Ropes💦,32.1,0.5454545454545454,120.66909090909093,113.82666666666667
2025,11,12.0,Cartel Del Taco,10.9,0.18181818181818182,109.73636363636363,124.8
2025,12,1.0,Run CMC,98.4,0.8333333333333334,148.52,148.35333333333335
2025,12,2.0,"Two Gibbs, One Kupp",82.1,0.6666666666666666,138.44,150.70666666666668
2025,12,3.0,Team Clucker Fuckers,61.0,0.5833333333333334,138.78166666666667,126.46666666666665
2025,12,4.0,Blunder Bust 2000,53.9,0.5,129.5516666666667,134.05333333333334
2025,12,5.0,Seattle  Ricks ,52.1,0.4166666666666667,133.4333333333333,134.28666666666666
2025,12,6.0,Allen to this!,48.8,0.5833333333333334,134.935,112.84666666666668
2025,12,7.0,Flipadelphia Cheesestoinks,44.1,0.5,131.44833333333332,117.36
2025,12,8.0,One-cut Heroes,34.9,0.4166666666666667,118.61500000000001,125.96
2025,12,9.0,Show Me Dem TDs,30.0,0.4166666666666667,126.605,109.57333333333334
2025,12,10.0,Shooting Ropes💦,28.4,0.5,120.75666666666667,106.43333333333332
2025,12,11.0,Whos Yurdatty,28.2,0.4166666666666667,121.89666666666666,112.32666666666667
2025,12,12.0,Cartel Del Taco,13.4,0.16666666666666666,110.03833333333331,126.16666666666667
2025,13,1.0,Run CMC,100.0,0.8461538461538461,147.74153846153848,157.02666666666667
2025,13,2.0,"Two Gibbs, One Kupp",81.8,0.6923076923076923,141.27846153846153,149.32000000000002
2025,13,3.0,Blunder Bust 2000,59.2,0.5384615384615384,131.52153846153848,137.46
2025,13,4.0,Team Clucker Fuckers,57.0,0.5384615384615384,137.89384615384617,119.14666666666666
2025,13,5.0,Allen to this!,51.6,0.5384615384615384,133.0646153846154,115.20666666666666
2025,13,6.0,Seattle  Ricks ,46.8,0.46153846153846156,130.38,121.10000000000001
2025,13,7.0,Flipadelphia Cheesestoinks,45.1,0.46153846153846156,130.49076923076922,116.52
2025,13,8.0,Shooting Ropes💦,42.6,0.5384615384615384,121.06000000000002,116.79333333333334
2025,13,9.0,One-cut Heroes,36.0,0.38461538461538464,120.05538461538461,127.26666666666667
2025,13,10.0,Whos Yurdatty,24.0,0.38461538461538464,117.93846153846154,101.39333333333333
2025,13,11.0,Show Me Dem TDs,20.2,0.38461538461538464,123.03692307692307,81.58
2025,13,12.0,Cartel Del Taco,19.1,0.23076923076923078,110.30307692307692,129.62666666666667
2025,14,1.0,"Two Gibbs, One Kupp",92.8,0.7142857142857143,141.90571428571428,157.72666666666666
2025,14,2.0,Run CMC,90.1,0.7857142857142857,144.57714285714286,139.26666666666668
2025,14,3.0,Blunder Bust 2000,70.4,0.5714285714285714,133.46000000000004,147.55999999999997
2025,14,4.0,Allen to this!,60.9,0.5714285714285714,135.04142857142858,127.39333333333333
2025,14,5.0,Seattle  Ricks ,48.9,0.5,129.4,123.04
2025,14,6.0,Team Clucker Fuckers,46.8,0.5714285714285714,134.15857142857143,102.52666666666666
2025,14,7.0,Flipadelphia Cheesestoinks,45.1,0.42857142857142855,130.26285714285714,124.05333333333334
2025,14,8.0,One-cut Heroes,44.1,0.42857142857142855,121.07857142857142,136.13333333333333
2025,14,9.0,Shooting Ropes💦,36.0,0.5,119.32428571428572,114.39333333333333
2025,14,10.0,Show Me Dem TDs,25.1,0.35714285714285715,124.53142857142858,104.8
2025,14,11.0,Whos Yurdatty,22.5,0.35714285714285715,119.62,107.54666666666667
2025,14,12.0,Cartel Del Taco,0.0,0.21428571428571427,108.05999999999999,101.91333333333334
2025,15,1.0,Blunder Bust 2000,99.5,0.6,134.29200000000003,153.25333333333333
2025,15,2.0,Allen to this!,81.8,0.5333333333333333,134.62666666666667,133.39333333333335
2025,15,3.0,Seattle  Ricks ,80.3,0.5333333333333333,133.38,133.16666666666666
2025,15,4.0,Team Clucker Fuckers,73.6,0.5333333333333333,134.764,118.69333333333333
2025,15,5.0,One-cut Heroes,71.0,0.4666666666666667,124.21866666666666,146.63333333333335
2025,15,6.0,Flipadelphia Cheesestoinks,64.5,0.4666666666666667,129.95199999999997,123.96666666666665
2025,15,7.0,Shooting Ropes💦,48.0,0.4666666666666667,119.68266666666668,115.38666666666667
2025,15,8.0,Show Me Dem TDs,39.8,0.3333333333333333,124.33066666666667,115.23333333333333
2025,15,9.0,Whos Yurdatty,36.2,0.4,119.03866666666667,107.60666666666667
2025,15,10.0,Cartel Del Taco,0.0,0.2,108.17599999999999,100.72666666666667
2025,16,1.0,"Two Gibbs, One Kupp",94.4,0.7333333333333333,145.72266666666664,174.85333333333332
2025,16,2.0,Run CMC,83.5,0.8,146.616,139.0
2025,16,3.0,Seattle  Ricks ,55.5,0.5,133.88125,149.0533333333333
2025,16,4.0,One-cut Heroes,53.7,0.5,127.11875,157.72666666666666
2025,16,5.0,Allen to this!,51.9,0.5625,133.0375,132.92
2025,16,6.0,Blunder Bust 2000,49.7,0.5625,131.44750000000002,131.12666666666667
2025,16,7.0,Team Clucker Fuckers,36.3,0.5,132.635,109.84666666666668
2025,16,8.0,Flipadelphia Cheesestoinks,34.7,0.4375,129.0425,122.76666666666665
2025,16,9.0,Shooting Ropes💦,31.1,0.5,120.8875,120.14
2025,16,10.0,Show Me Dem TDs,27.9,0.3125,125.22125,134.6866666666667
2025,16,11.0,Whos Yurdatty,19.9,0.375,118.36375000000001,120.20666666666666
2025,16,12.0,Cartel Del Taco,2.6,0.25,111.25874999999999,115.39999999999999
2025,17,1.0,Run CMC,84.3,0.8125,146.31375,140.12666666666667
2025,17,2.0,"Two Gibbs, One Kupp",76.0,0.6875,142.76375000000002,149.20000000000002
2025,17,3.0,Seattle  Ricks ,69.6,0.5294117647058824,136.84235294117644,171.57333333333335
2025,17,4.0,Allen to this!,50.5,0.5882352941176471,134.00470588235294,129.16666666666666
2025,17,5.0,One-cut Heroes,49.3,0.5294117647058824,126.18117647058823,149.99333333333334
2025,17,6.0,Team Clucker Fuckers,34.4,0.47058823529411764,131.5964705882353,119.64
2025,17,7.0,Blunder Bust 2000,33.4,0.5294117647058824,129.65764705882356,111.91333333333334
2025,17,8.0,Shooting Ropes💦,26.4,0.47058823529411764,120.15411764705883,124.02666666666669
2025,17,9.0,Flipadelphia Cheesestoinks,23.9,0.4117647058823529,127.55764705882353,114.93333333333334
2025,17,10.0,Whos Yurdatty,13.8,0.4117647058823529,118.18823529411766,111.50666666666666
2025,17,11.0,Cartel Del Taco,12.1,0.29411764705882354,112.93999999999998,135.71333333333334
2025,17,12.0,Show Me Dem TDs,9.7,0.29411764705882354,122.58235294117648,113.48666666666668
