season,week,team_id,opponent_team_id,points_for,points_against,result
2022,1,10,2,104.9,121.12,L
2022,1,2,10,121.12,104.9,W
2022,1,8,3,189.28,129.82,W
2022,1,3,8,129.82,189.28,L
2022,1,7,12,133.0,164.18,L
2022,1,12,7,164.18,133.0,W
2022,1,6,5,135.72,100.36,W
2022,1,5,6,100.36,135.72,L
2022,1,1,9,126.72,139.04,L
2022,1,9,1,139.04,126.72,W
2022,1,4,11,97.4,131.56,L
2022,1,11,4,131.56,97.4,W
2022,2,2,3,145.68,154.72,L
2022,2,3,2,154.72,145.68,W
2022,2,12,10,105.98,142.8,L
2022,2,10,12,142.8,105.98,W
2022,2,5,8,115.84,148.38,L
2022,2,8,5,148.38,115.84,W
2022,2,9,7,90.1,134.96,L
2022,2,7,9,134.96,90.1,W
2022,2,11,6,135.76,227.32,L
2022,2,6,11,227.32,135.76,W
2022,2,4,1,184.86,106.76,W
2022,2,1,4,106.76,184.86,L
2022,3,12,2,91.66,101.46,L
2022,3,2,12,101.46,91.66,W
2022,3,3,5,170.4,112.18,W
2022,3,5,3,112.18,170.4,L
2022,3,10,9,90.58,121.24,L
2022,3,9,10,121.24,90.58,W
2022,3,8,11,132.1,128.5,W
2022,3,11,8,128.5,132.1,L
2022,3,7,4,128.26,144.84,L
2022,3,4,7,144.84,128.26,W
2022,3,6,1,150.22,128.5,W
2022,3,1,6,128.5,150.22,L
2022,4,2,5,105.28,144.82,L
2022,4,5,2,144.82,105.28,W
2022,4,9,12,186.04,114.78,W
2022,4,12,9,114.78,186.04,L
2022,4,11,3,148.9,130.46,W
2022,4,3,11,130.46,148.9,L
2022,4,4,10,78.4,132.96,L
2022,4,10,4,132.96,78.4,W
2022,4,1,8,140.48,120.72,W
2022,4,8,1,120.72,140.48,L
2022,4,6,7,151.56,135.44,W
2022,4,7,6,135.44,151.56,L
2022,5,9,2,120.88,108.3,W
2022,5,2,9,108.3,120.88,L
2022,5,5,11,49.26,143.92,L
2022,5,11,5,143.92,49.26,W
2022,5,12,4,121.6,113.24,W
2022,5,4,12,113.24,121.6,L
2022,5,3,1,141.46,115.98,W
2022,5,1,3,115.98,141.46,L
2022,5,10,6,172.78,119.96,W
2022,5,6,10,119.96,172.78,L
2022,5,8,7,177.26,157.66,W
2022,5,7,8,157.66,177.26,L
2022,6,2,11,112.88,132.62,L
2022,6,11,2,132.62,112.88,W
2022,6,4,9,111.34,105.02,W
2022,6,9,4,105.02,111.34,L
2022,6,1,5,120.9,78.5,W
2022,6,5,1,78.5,120.9,L
2022,6,6,12,124.9,130.62,L
2022,6,12,6,130.62,124.9,W
2022,6,7,3,124.64,138.1,L
2022,6,3,7,138.1,124.64,W
2022,6,8,10,134.96,87.42,W
2022,6,10,8,87.42,134.96,L
2022,7,4,2,104.84,152.86,L
2022,7,2,4,152.86,104.84,W
2022,7,11,1,154.92,118.54,W
2022,7,1,11,118.54,154.92,L
2022,7,9,6,110.68,122.4,L
2022,7,6,9,122.4,110.68,W
2022,7,5,7,91.28,133.96,L
2022,7,7,5,133.96,91.28,W
2022,7,12,8,109.32,116.7,L
2022,7,8,12,116.7,109.32,W
2022,7,3,10,143.44,172.92,L
2022,7,10,3,172.92,143.44,W
2022,8,2,1,152.84,96.18,W
2022,8,1,2,96.18,152.84,L
2022,8,6,4,145.22,160.34,L
2022,8,4,6,160.34,145.22,W
2022,8,7,11,120.98,196.38,L
2022,8,11,7,196.38,120.98,W
2022,8,8,9,144.02,140.0,W
2022,8,9,8,140.0,144.02,L
2022,8,10,5,137.9,102.0,W
2022,8,5,10,102.0,137.9,L
2022,8,3,12,215.3,108.78,W
2022,8,12,3,108.78,215.3,L
2022,9,6,2,114.82,136.6,L
2022,9,2,6,136.6,114.82,W
2022,9,1,7,168.74,158.74,W
2022,9,7,1,158.74,168.74,L
2022,9,4,8,121.68,110.1,W
2022,9,8,4,110.1,121.68,L
2022,9,11,10,115.12,125.84,L
2022,9,10,11,125.84,115.12,W
2022,9,9,3,113.4,158.22,L
2022,9,3,9,158.22,113.4,W
2022,9,5,12,67.38,123.52,L
2022,9,12,5,123.52,67.38,W
2022,10,2,7,105.76,113.28,L
2022,10,7,2,113.28,105.76,W
2022,10,8,6,111.2,139.56,L
2022,10,6,8,139.56,111.2,W
2022,10,10,1,110.14,157.82,L
2022,10,1,10,157.82,110.14,W
2022,10,3,4,111.3,110.0,W
2022,10,4,3,110.0,111.3,L
2022,10,12,11,162.98,132.94,W
2022,10,11,12,132.94,162.98,L
2022,10,5,9,125.5,144.18,L
2022,10,9,5,144.18,125.5,W
2022,11,8,2,104.48,74.5,W
2022,11,2,8,74.5,104.48,L
2022,11,7,10,132.68,128.76,W
2022,11,10,7,128.76,132.68,L
2022,11,6,3,135.86,141.66,L
2022,11,3,6,141.66,135.86,W
2022,11,1,12,167.3,105.12,W
2022,11,12,1,105.12,167.3,L
2022,11,4,5,134.12,92.64,W
2022,11,5,4,92.64,134.12,L
2022,11,11,9,151.16,147.74,W
2022,11,9,11,147.74,151.16,L
2022,12,2,10,107.34,127.6,L
2022,12,10,2,127.6,107.34,W
2022,12,3,8,112.42,140.32,L
2022,12,8,3,140.32,112.42,W
2022,12,12,7,131.8,169.9,L
2022,12,7,12,169.9,131.8,W
2022,12,5,6,89.34,155.36,L
2022,12,6,5,155.36,89.34,W
2022,12,9,1,126.82,117.5,W
2022,12,1,9,117.5,126.82,L
2022,12,11,4,151.46,116.66,W
2022,12,4,11,116.66,151.46,L
2022,13,3,2,154.9,95.48,W
2022,13,2,3,95.48,154.9,L
2022,13,10,12,107.62,136.66,L
2022,13,12,10,136.66,107.62,W
2022,13,8,5,117.42,118.2,L
2022,13,5,8,118.2,117.42,W
2022,13,7,9,133.08,137.8,L
2022,13,9,7,137.8,133.08,W
2022,13,6,11,132.64,157.6,L
2022,13,11,6,157.6,132.64,W
2022,13,1,4,138.74,135.9,W
2022,13,4,1,135.9,138.74,L
2022,14,2,12,126.9,139.62,L
2022,14,12,2,139.62,126.9,W
2022,14,5,3,78.16,150.18,L
2022,14,3,5,150.18,78.16,W
2022,14,9,10,129.16,102.98,W
2022,14,10,9,102.98,129.16,L
2022,14,11,8,127.48,112.38,W
2022,14,8,11,112.38,127.48,L
2022,14,4,7,80.9,141.3,L
2022,14,7,4,141.3,80.9,W
2022,14,1,6,91.46,166.02,L
2022,14,6,1,166.02,91.46,W
2022,15,6,9,193.88,132.4,W
2022,15,9,6,132.4,193.88,L
2022,15,8,12,121.96,133.48,L
2022,15,12,8,133.48,121.96,W
2022,15,10,7,128.34,102.76,W
2022,15,7,10,102.76,128.34,L
2022,15,1,4,121.9,126.56,L
2022,15,4,1,126.56,121.9,W
2022,15,2,5,165.3,108.64,W
2022,15,5,2,108.64,165.3,L
2022,16,3,6,119.04,130.16,L
2022,16,6,3,130.16,119.04,W
2022,16,11,12,123.0,114.36,W
2022,16,12,11,114.36,123.0,L
2022,16,8,9,101.38,112.56,L
2022,16,9,8,112.56,101.38,W
2022,16,10,4,107.76,140.0,L
2022,16,4,10,140.0,107.76,W
2022,16,7,2,91.12,118.46,L
2022,16,2,7,118.46,91.12,W
2022,16,1,5,131.2,159.38,L
2022,16,5,1,159.38,131.2,W
2022,17,11,6,123.98,103.88,W
2022,17,6,11,103.88,123.98,L
2022,17,3,12,85.0,87.8,L
2022,17,12,3,87.8,85.0,W
2022,17,8,9,77.1,177.58,L
2022,17,9,8,177.58,77.1,W
2022,17,4,2,110.6,89.72,W
2022,17,2,4,89.72,110.6,L
2022,17,10,5,115.92,74.78,W
2022,17,5,10,74.78,115.92,L
2022,17,7,1,67.76,109.8,L
2022,17,1,7,109.8,67.76,W
2023,1,10,2,96.78,91.1,W
2023,1,2,10,91.1,96.78,L
2023,1,8,3,130.6,137.84,L
2023,1,3,8,137.84,130.6,W
2023,1,7,12,111.54,146.26,L
2023,1,12,7,146.26,111.54,W
2023,1,6,5,121.02,116.92,W
2023,1,5,6,116.92,121.02,L
2023,1,1,9,80.64,103.74,L
2023,1,9,1,103.74,80.64,W
2023,1,4,11,124.36,98.08,W
2023,1,11,4,98.08,124.36,L
2023,2,2,3,107.12,126.14,L
2023,2,3,2,126.14,107.12,W
2023,2,12,10,124.7,151.18,L
2023,2,10,12,151.18,124.7,W
2023,2,5,8,145.44,141.98,W
2023,2,8,5,141.98,145.44,L
2023,2,9,7,168.96,94.94,W
2023,2,7,9,94.94,168.96,L
2023,2,11,6,145.3,146.92,L
2023,2,6,11,146.92,145.3,W
2023,2,4,1,159.68,118.4,W
2023,2,1,4,118.4,159.68,L
2023,3,12,2,156.2,164.08,L
2023,3,2,12,164.08,156.2,W
2023,3,3,5,103.14,138.76,L
2023,3,5,3,138.76,103.14,W
2023,3,10,9,141.34,131.82,W
2023,3,9,10,131.82,141.34,L
2023,3,8,11,122.14,183.38,L
2023,3,11,8,183.38,122.14,W
2023,3,7,4,105.46,132.68,L
2023,3,4,7,132.68,105.46,W
2023,3,6,1,164.92,121.48,W
2023,3,1,6,121.48,164.92,L
2023,4,2,5,162.36,137.14,W
2023,4,5,2,137.14,162.36,L
2023,4,9,12,104.92,153.14,L
2023,4,12,9,153.14,104.92,W
2023,4,11,3,118.28,142.12,L
2023,4,3,11,142.12,118.28,W
2023,4,4,10,106.26,108.7,L
2023,4,10,4,108.7,106.26,W
2023,4,1,8,121.22,114.46,W
2023,4,8,1,114.46,121.22,L
2023,4,6,7,131.0,144.08,L
2023,4,7,6,144.08,131.0,W
2023,5,9,2,180.88,135.52,W
2023,5,2,9,135.52,180.88,L
2023,5,5,11,103.52,124.06,L
2023,5,11,5,124.06,103.52,W
2023,5,12,4,151.96,136.42,W
2023,5,4,12,136.42,151.96,L
2023,5,3,1,94.14,109.94,L
2023,5,1,3,109.94,94.14,W
2023,5,10,6,150.36,142.84,W
2023,5,6,10,142.84,150.36,L
2023,5,8,7,121.04,132.1,L
2023,5,7,8,132.1,121.04,W
2023,6,2,11,114.3,120.54,L
2023,6,11,2,120.54,114.3,W
2023,6,4,9,137.38,118.7,W
2023,6,9,4,118.7,137.38,L
2023,6,1,5,127.54,98.24,W
2023,6,5,1,98.24,127.54,L
2023,6,6,12,167.02,111.06,W
2023,6,12,6,111.06,167.02,L
2023,6,7,3,98.94,109.8,L
2023,6,3,7,109.8,98.94,W
2023,6,8,10,118.04,150.1,L
2023,6,10,8,150.1,118.04,W
2023,7,4,2,114.24,112.06,W
2023,7,2,4,112.06,114.24,L
2023,7,11,1,102.36,174.26,L
2023,7,1,11,174.26,102.36,W
2023,7,9,6,135.3,109.26,W
2023,7,6,9,109.26,135.3,L
2023,7,5,7,92.04,119.36,L
2023,7,7,5,119.36,92.04,W
2023,7,12,8,122.1,145.4,L
2023,7,8,12,145.4,122.1,W
2023,7,3,10,126.16,146.3,L
2023,7,10,3,146.3,126.16,W
2023,8,2,1,147.66,111.0,W
2023,8,1,2,111.0,147.66,L
2023,8,6,4,139.78,133.38,W
2023,8,4,6,133.38,139.78,L
2023,8,7,11,83.08,148.72,L
2023,8,11,7,148.72,83.08,W
2023,8,8,9,209.98,131.16,W
2023,8,9,8,131.16,209.98,L
2023,8,10,5,123.12,124.68,L
2023,8,5,10,124.68,123.12,W
2023,8,3,12,103.06,120.3,L
2023,8,12,3,120.3,103.06,W
2023,9,6,2,107.3,120.48,L
2023,9,2,6,120.48,107.3,W
2023,9,1,7,104.9,109.64,L
2023,9,7,1,109.64,104.9,W
2023,9,4,8,129.32,150.9,L
2023,9,8,4,150.9,129.32,W
2023,9,11,10,83.34,123.92,L
2023,9,10,11,123.92,83.34,W
2023,9,9,3,170.92,134.02,W
2023,9,3,9,134.02,170.92,L
2023,9,5,12,71.2,164.22,L
2023,9,12,5,164.22,71.2,W
2023,10,2,7,137.96,74.1,W
2023,10,7,2,74.1,137.96,L
2023,10,8,6,161.52,147.12,W
2023,10,6,8,147.12,161.52,L
2023,10,10,1,164.08,129.3,W
2023,10,1,10,129.3,164.08,L
2023,10,3,4,85.52,121.82,L
2023,10,4,3,121.82,85.52,W
2023,10,12,11,108.04,178.52,L
2023,10,11,12,178.52,108.04,W
2023,10,5,9,125.86,131.18,L
2023,10,9,5,131.18,125.86,W
2023,11,8,2,126.84,130.3,L
2023,11,2,8,130.3,126.84,W
2023,11,7,10,119.58,106.54,W
2023,11,10,7,106.54,119.58,L
2023,11,6,3,96.54,94.56,W
2023,11,3,6,94.56,96.54,L
2023,11,1,12,139.08,128.64,W
2023,11,12,1,128.64,139.08,L
2023,11,4,5,142.9,144.8,L
2023,11,5,4,144.8,142.9,W
2023,11,11,9,127.6,167.72,L
2023,11,9,11,167.72,127.6,W
2023,12,2,10,117.7,141.54,L
2023,12,10,2,141.54,117.7,W
2023,12,3,8,111.08,108.1,W
2023,12,8,3,108.1,111.08,L
2023,12,12,7,153.56,98.86,W
2023,12,7,12,98.86,153.56,L
2023,12,5,6,138.96,148.68,L
2023,12,6,5,148.68,138.96,W
2023,12,9,1,98.76,173.22,L
2023,12,1,9,173.22,98.76,W
2023,12,11,4,156.18,136.08,W
2023,12,4,11,136.08,156.18,L
2023,13,3,2,81.04,139.12,L
2023,13,2,3,139.12,81.04,W
2023,13,10,12,103.14,185.98,L
2023,13,12,10,185.98,103.14,W
2023,13,8,5,136.58,98.38,W
2023,13,5,8,98.38,136.58,L
2023,13,7,9,117.12,126.36,L
2023,13,9,7,126.36,117.12,W
2023,13,6,11,144.22,168.98,L
2023,13,11,6,168.98,144.22,W
2023,13,1,4,132.5,167.3,L
2023,13,4,1,167.3,132.5,W
2023,14,2,12,140.38,78.24,W
2023,14,12,2,78.24,140.38,L
2023,14,5,3,159.82,91.86,W
2023,14,3,5,91.86,159.82,L
2023,14,9,10,83.02,147.1,L
2023,14,10,9,147.1,83.02,W
2023,14,11,8,164.44,91.52,W
2023,14,8,11,91.52,164.44,L
2023,14,4,7,121.1,97.5,W
2023,14,7,4,97.5,121.1,L
2023,14,1,6,131.24,133.34,L
2023,14,6,1,133.34,131.24,W
2023,15,4,9,126.84,116.88,W
2023,15,9,4,116.88,126.84,L
2023,15,6,2,202.12,119.62,W
2023,15,2,6,119.62,202.12,L
2023,15,12,1,95.0,130.4,L
2023,15,1,12,130.4,95.0,W
2023,15,8,5,121.3,135.12,L
2023,15,5,8,135.12,121.3,W
2023,15,3,7,91.12,94.66,L
2023,15,7,3,94.66,91.12,W
2023,16,10,4,166.84,202.36,L
2023,16,4,10,202.36,166.84,W
2023,16,11,6,108.82,116.48,L
2023,16,6,11,116.48,108.82,W
2023,16,9,2,138.9,126.54,W
2023,16,2,9,126.54,138.9,L
2023,16,1,5,133.7,137.52,L
2023,16,5,1,137.52,133.7,W
2023,16,12,7,70.9,101.4,L
2023,16,7,12,101.4,70.9,W
2023,16,8,3,114.9,121.6,L
2023,16,3,8,121.6,114.9,W
2023,17,6,4,117.84,156.54,L
2023,17,4,6,156.54,117.84,W
2023,17,10,11,154.66,117.46,W
2023,17,11,10,117.46,154.66,L
2023,17,9,2,97.4,96.28,W
2023,17,2,9,96.28,97.4,L
2023,17,5,7,161.58,134.98,W
2023,17,7,5,134.98,161.58,L
2023,17,1,3,120.1,85.52,W
2023,17,3,1,85.52,120.1,L
2023,17,12,8,96.62,151.2,L
2023,17,8,12,151.2,96.62,W
2024,1,10,2,149.96,108.52,W
2024,1,2,10,108.52,149.96,L
2024,1,8,3,155.88,82.98,W
2024,1,3,8,82.98,155.88,L
2024,1,7,12,90.62,113.0,L
2024,1,12,7,113.0,90.62,W
2024,1,6,5,158.52,138.26,W
2024,1,5,6,138.26,158.52,L
2024,1,1,9,145.66,99.1,W
2024,1,9,1,99.1,145.66,L
2024,1,4,11,172.08,118.34,W
2024,1,11,4,118.34,172.08,L
2024,2,2,3,126.02,108.9,W
2024,2,3,2,108.9,126.02,L
2024,2,12,10,118.14,132.24,L
2024,2,10,12,132.24,118.14,W
2024,2,5,8,118.04,143.26,L
2024,2,8,5,143.26,118.04,W
2024,2,9,7,175.24,116.78,W
2024,2,7,9,116.78,175.24,L
2024,2,11,6,138.56,122.4,W
2024,2,6,11,122.4,138.56,L
2024,2,4,1,107.48,149.5,L
2024,2,1,4,149.5,107.48,W
2024,3,12,2,125.4,138.06,L
2024,3,2,12,138.06,125.4,W
2024,3,3,5,101.12,110.76,L
2024,3,5,3,110.76,101.12,W
2024,3,10,9,110.06,115.14,L
2024,3,9,10,115.14,110.06,W
2024,3,8,11,87.18,189.08,L
2024,3,11,8,189.08,87.18,W
2024,3,7,4,139.98,139.02,W
2024,3,4,7,139.02,139.98,L
2024,3,6,1,132.66,154.4,L
2024,3,1,6,154.4,132.66,W
2024,4,2,5,132.0,174.78,L
2024,4,5,2,174.78,132.0,W
2024,4,9,12,119.36,97.7,W
2024,4,12,9,97.7,119.36,L
2024,4,11,3,144.22,80.06,W
2024,4,3,11,80.06,144.22,L
2024,4,4,10,83.7,144.12,L
2024,4,10,4,144.12,83.7,W
2024,4,1,8,139.0,148.6,L
2024,4,8,1,148.6,139.0,W
2024,4,6,7,135.14,115.66,W
2024,4,7,6,115.66,135.14,L
2024,5,9,2,149.16,108.48,W
2024,5,2,9,108.48,149.16,L
2024,5,5,11,178.68,110.96,W
2024,5,11,5,110.96,178.68,L
2024,5,12,4,117.24,109.94,W
2024,5,4,12,109.94,117.24,L
2024,5,3,1,131.14,151.34,L
2024,5,1,3,151.34,131.14,W
2024,5,10,6,118.32,102.24,W
2024,5,6,10,102.24,118.32,L
2024,5,8,7,130.56,169.26,L
2024,5,7,8,169.26,130.56,W
2024,6,2,11,161.96,113.0,W
2024,6,11,2,113.0,161.96,L
2024,6,4,9,133.72,96.42,W
2024,6,9,4,96.42,133.72,L
2024,6,1,5,200.18,137.32,W
2024,6,5,1,137.32,200.18,L
2024,6,6,12,147.32,123.0,W
2024,6,12,6,123.0,147.32,L
2024,6,7,3,125.5,131.76,L
2024,6,3,7,131.76,125.5,W
2024,6,8,10,103.5,90.36,W
2024,6,10,8,90.36,103.5,L
2024,7,4,2,153.84,155.0,L
2024,7,2,4,155.0,153.84,W
2024,7,11,1,141.78,145.14,L
2024,7,1,11,145.14,141.78,W
2024,7,9,6,137.2,111.38,W
2024,7,6,9,111.38,137.2,L
2024,7,5,7,120.24,106.18,W
2024,7,7,5,106.18,120.24,L
2024,7,12,8,137.6,125.86,W
2024,7,8,12,125.86,137.6,L
2024,7,3,10,82.22,74.84,W
2024,7,10,3,74.84,82.22,L
2024,8,2,1,133.8,155.72,L
2024,8,1,2,155.72,133.8,W
2024,8,6,4,151.16,151.16,T
2024,8,4,6,151.16,151.16,T
2024,8,7,11,142.38,128.82,W
2024,8,11,7,128.82,142.38,L
2024,8,8,9,165.0,105.14,W
2024,8,9,8,105.14,165.0,L
2024,8,10,5,154.66,120.78,W
2024,8,5,10,120.78,154.66,L
2024,8,3,12,131.72,134.1,L
2024,8,12,3,134.1,131.72,W
2024,9,6,2,114.74,127.7,L
2024,9,2,6,127.7,114.74,W
2024,9,1,7,152.24,113.88,W
2024,9,7,1,113.88,152.24,L
2024,9,4,8,158.6,142.88,W
2024,9,8,4,142.88,158.6,L
2024,9,11,10,179.48,156.14,W
2024,9,10,11,156.14,179.48,L
2024,9,9,3,87.22,154.36,L
2024,9,3,9,154.36,87.22,W
2024,9,5,12,125.94,121.12,W
2024,9,12,5,121.12,125.94,L
2024,10,2,7,145.78,136.84,W
2024,10,7,2,136.84,145.78,L
2024,10,8,6,140.94,110.38,W
2024,10,6,8,110.38,140.94,L
2024,10,10,1,113.68,100.68,W
2024,10,1,10,100.68,113.68,L
2024,10,3,4,112.08,142.5,L
2024,10,4,3,142.5,112.08,W
2024,10,12,11,112.7,105.62,W
2024,10,11,12,105.62,112.7,L
2024,10,5,9,97.62,115.7,L
2024,10,9,5,115.7,97.62,W
2024,11,8,2,137.44,147.94,L
2024,11,2,8,147.94,137.44,W
2024,11,7,10,110.32,106.24,W
2024,11,10,7,106.24,110.32,L
2024,11,6,3,171.84,123.8,W
2024,11,3,6,123.8,171.84,L
2024,11,1,12,179.98,153.98,W
2024,11,12,1,153.98,179.98,L
2024,11,4,5,152.48,130.34,W
2024,11,5,4,130.34,152.48,L
2024,11,11,9,132.86,106.6,W
2024,11,9,11,106.6,132.86,L
2024,12,2,10,143.56,153.0,L
2024,12,10,2,153.0,143.56,W
2024,12,3,8,144.56,82.3,W
2024,12,8,3,82.3,144.56,L
2024,12,12,7,138.86,115.02,W
2024,12,7,12,115.02,138.86,L
2024,12,5,6,130.56,172.88,L
2024,12,6,5,172.88,130.56,W
2024,12,9,1,112.82,117.78,L
2024,12,1,9,117.78,112.82,W
2024,12,11,4,136.22,147.18,L
2024,12,4,11,147.18,136.22,W
2024,13,3,2,145.28,134.3,W
2024,13,2,3,134.3,145.28,L
2024,13,10,12,125.14,159.34,L
2024,13,12,10,159.34,125.14,W
2024,13,8,5,119.4,116.46,W
2024,13,5,8,116.46,119.4,L
2024,13,7,9,99.3,159.26,L
2024,13,9,7,159.26,99.3,W
2024,13,6,11,151.5,103.68,W
2024,13,11,6,103.68,151.5,L
2024,13,1,4,146.48,105.98,W
2024,13,4,1,105.98,146.48,L
2024,14,2,12,135.72,121.72,W
2024,14,12,2,121.72,135.72,L
2024,14,5,3,120.66,140.28,L
2024,14,3,5,140.28,120.66,W
2024,14,9,10,110.54,84.82,W
2024,14,10,9,84.82,110.54,L
2024,14,11,8,143.32,243.18,L
2024,14,8,11,243.18,143.32,W
2024,14,4,7,209.88,137.52,W
2024,14,7,4,137.52,209.88,L
2024,14,1,6,107.16,145.24,L
2024,14,6,1,145.24,107.16,W
2024,15,9,4,149.86,111.3,W
2024,15,4,9,111.3,149.86,L
2024,15,2,6,176.9,104.14,W
2024,15,6,2,104.14,176.9,L
2024,15,12,10,160.96,122.16,W
2024,15,10,12,122.16,160.96,L
2024,15,3,11,115.94,117.98,L
2024,15,11,3,117.98,115.94,W
2024,15,5,7,138.04,134.4,W
2024,15,7,5,134.4,138.04,L
2024,16,1,9,163.74,123.38,W
2024,16,9,1,123.38,163.74,L
2024,16,8,2,158.64,138.84,W
2024,16,2,8,138.84,158.64,L
2024,16,4,6,145.88,111.7,W
2024,16,6,4,111.7,145.88,L
2024,16,12,11,139.64,174.76,L
2024,16,11,12,174.76,139.64,W
2024,16,10,5,89.68,165.28,L
2024,16,5,10,165.28,89.68,W
2024,16,3,7,77.9,134.5,L
2024,16,7,3,134.5,77.9,W
2024,17,1,8,156.9,134.48,W
2024,17,8,1,134.48,156.9,L
2024,17,2,9,136.1,97.3,W
2024,17,9,2,97.3,136.1,L
2024,17,4,6,114.42,159.62,L
2024,17,6,4,159.62,114.42,W
2024,17,11,5,127.54,122.38,W
2024,17,5,11,122.38,127.54,L
2024,17,12,7,169.52,77.46,W
2024,17,7,12,77.46,169.52,L
2024,17,10,3,109.18,99.2,W
2024,17,3,10,99.2,109.18,L
2025,1,10,2,123.2,111.82,W
2025,1,2,10,111.82,123.2,L
2025,1,8,3,103.92,137.12,L
2025,1,3,8,137.12,103.92,W
2025,1,7,12,122.96,122.72,W
2025,1,12,7,122.72,122.96,L
2025,1,6,5,133.76,124.98,W
2025,1,5,6,124.98,133.76,L
2025,1,1,9,118.52,66.68,W
2025,1,9,1,66.68,118.52,L
2025,1,4,11,104.78,132.12,L
2025,1,11,4,132.12,104.78,W
2025,2,2,3,120.64,135.7,L
2025,2,3,2,135.7,120.64,W
2025,2,12,10,126.48,147.54,L
2025,2,10,12,147.54,126.48,W
2025,2,5,8,123.1,140.64,L
2025,2,8,5,140.64,123.1,W
2025,2,9,7,102.7,175.42,L
2025,2,7,9,175.42,102.7,W
2025,2,11,6,131.4,115.6,W
2025,2,6,11,115.6,131.4,L
2025,2,4,1,104.54,138.28,L
2025,2,1,4,138.28,104.54,W
2025,3,12,2,124.62,133.64,L
2025,3,2,12,133.64,124.62,W
2025,3,3,5,122.36,80.82,W
2025,3,5,3,80.82,122.36,L
2025,3,10,9,129.52,149.52,L
2025,3,9,10,149.52,129.52,W
2025,3,8,11,145.54,132.8,W
2025,3,11,8,132.8,145.54,L
2025,3,7,4,130.02,162.04,L
2025,3,4,7,162.04,130.02,W
2025,3,6,1,114.72,124.26,L
2025,3,1,6,124.26,114.72,W
2025,4,2,5,155.9,138.98,W
2025,4,5,2,138.98,155.9,L
2025,4,9,12,106.98,124.88,L
2025,4,12,9,124.88,106.98,W
2025,4,11,3,128.82,133.4,L
2025,4,3,11,133.4,128.82,W
2025,4,4,10,107.5,178.78,L
2025,4,10,4,178.78,107.5,W
2025,4,1,8,130.2,160.28,L
2025,4,8,1,160.28,130.2,W
2025,4,6,7,123.38,164.46,L
2025,4,7,6,164.46,123.38,W
2025,5,9,2,118.42,149.16,L
2025,5,2,9,149.16,118.42,W
2025,5,5,11,115.76,121.84,L
2025,5,11,5,121.84,115.76,W
2025,5,12,4,114.82,161.12,L
2025,5,4,12,161.12,114.82,W
2025,5,3,1,129.52,144.22,L
2025,5,1,3,144.22,129.52,W
2025,5,10,6,136.58,155.46,L
2025,5,6,10,155.46,136.58,W
2025,5,8,7,139.78,140.92,L
2025,5,7,8,140.92,139.78,W
2025,6,2,11,102.14,152.94,L
2025,6,11,2,152.94,102.14,W
2025,6,4,9,147.22,82.68,W
2025,6,9,4,82.68,147.22,L
2025,6,1,5,137.88,114.14,W
2025,6,5,1,114.14,137.88,L
2025,6,6,12,110.26,125.26,L
2025,6,12,6,125.26,110.26,W
2025,6,7,3,102.1,120.42,L
2025,6,3,7,120.42,102.1,W
2025,6,8,10,173.64,156.28,W
2025,6,10,8,156.28,173.64,L
2025,7,4,2,148.34,133.18,W
2025,7,2,4,133.18,148.34,L
2025,7,11,1,121.74,188.64,L
2025,7,1,11,188.64,121.74,W
2025,7,9,6,94.88,105.16,L
2025,7,6,9,105.16,94.88,W
2025,7,5,7,77.12,139.76,L
2025,7,7,5,139.76,77.12,W
2025,7,12,8,135.06,178.96,L
2025,7,8,12,178.96,135.06,W
2025,7,3,10,95.94,153.12,L
2025,7,10,3,153.12,95.94,W
2025,8,2,1,161.72,141.76,W
2025,8,1,2,141.76,161.72,L
2025,8,6,4,103.28,175.26,L
2025,8,4,6,175.26,103.28,W
2025,8,7,11,168.82,148.98,W
2025,8,11,7,148.98,168.82,L
2025,8,8,9,142.12,110.84,W
2025,8,9,8,110.84,142.12,L
2025,8,10,5,112.38,114.98,L
2025,8,5,10,114.98,112.38,W
2025,8,3,12,111.42,129.1,L
2025,8,12,3,129.1,111.42,W
2025,9,6,2,164.16,122.34,W
2025,9,2,6,122.34,164.16,L
2025,9,1,7,85.4,136.22,L
2025,9,7,1,136.22,85.4,W
2025,9,4,8,114.5,152.3,L
2025,9,8,4,152.3,114.5,W
2025,9,11,10,127.7,148.58,L
2025,9,10,11,148.58,127.7,W
2025,9,9,3,109.26,143.9,L
2025,9,3,9,143.9,109.26,W
2025,9,5,12,155.62,149.52,W
2025,9,12,5,149.52,155.62,L
2025,10,2,7,164.2,103.54,W
2025,10,7,2,103.54,164.2,L
2025,10,8,6,112.38,103.24,W
2025,10,6,8,103.24,112.38,L
2025,10,10,1,149.2,179.5,L
2025,10,1,10,179.5,149.2,W
2025,10,3,4,93.62,121.52,L
2025,10,4,3,121.52,93.62,W
2025,10,12,11,144.94,133.3,W
2025,10,11,12,133.3,144.94,L
2025,10,5,9,133.42,103.1,W
2025,10,9,5,103.1,133.42,L
2025,11,8,2,156.72,74.3,W
2025,11,2,8,74.3,156.72,L
2025,11,7,10,124.18,135.46,L
2025,11,10,7,135.46,124.18,W
2025,11,6,3,123.02,103.96,W
2025,11,3,6,103.96,123.02,L
2025,11,1,12,124.84,128.36,L
2025,11,12,1,128.36,124.84,W
2025,11,4,5,104.7,107.78,L
2025,11,5,4,107.78,104.7,W
2025,11,11,9,110.84,162.04,L
2025,11,9,11,162.04,110.84,W
2025,12,2,10,90.22,94.74,L
2025,12,10,2,94.74,90.22,W
2025,12,3,8,121.72,175.96,L
2025,12,8,3,175.96,121.72,W
2025,12,12,7,128.86,110.82,W
2025,12,7,12,110.82,128.86,L
2025,12,5,6,136.68,110.72,W
2025,12,6,5,110.72,136.68,L
2025,12,9,1,113.36,147.78,L
2025,12,1,9,147.78,113.36,W
2025,12,11,4,158.72,125.86,W
2025,12,4,11,125.86,158.72,L
2025,13,3,2,124.7,80.22,W
2025,13,2,3,80.22,124.7,L
2025,13,10,12,127.24,155.16,L
2025,13,12,10,155.16,127.24,W
2025,13,8,5,138.4,137.34,W
2025,13,5,8,137.34,138.4,L
2025,13,7,9,110.62,113.48,L
2025,13,9,7,113.48,110.62,W
2025,13,6,11,70.44,93.74,L
2025,13,11,6,93.74,70.44,W
2025,13,1,4,175.34,119.0,W
2025,13,4,1,119.0,175.34,L
2025,14,2,12,143.96,158.66,L
2025,14,12,2,158.66,143.96,W
2025,14,5,3,134.38,96.76,W
2025,14,3,5,96.76,134.38,L
2025,14,9,10,78.9,85.6,L
2025,14,10,9,85.6,78.9,W
2025,14,11,8,116.66,103.44,W
2025,14,8,11,103.44,116.66,L
2025,14,4,7,127.3,160.74,L
2025,14,7,4,160.74,127.3,W
2025,14,1,6,150.06,141.48,W
2025,14,6,1,141.48,150.06,L
2025,15,10,12,143.24,145.94,L
2025,15,12,10,145.94,143.24,W
2025,15,7,11,128.82,189.1,L
2025,15,11,7,189.1,128.82,W
2025,15,3,4,124.7,125.6,L
2025,15,4,3,125.6,124.7,W
2025,15,5,2,168.18,121.52,W
2025,15,2,5,121.52,168.18,L
2025,15,6,9,110.9,109.8,W
2025,15,9,6,109.8,110.9,L
2025,16,8,12,175.16,88.78,W
2025,16,12,8,88.78,175.16,L
2025,16,1,11,199.16,141.4,W
2025,16,11,1,141.4,199.16,L
2025,16,7,10,109.2,100.7,W
2025,16,10,7,100.7,109.2,L
2025,16,4,5,115.4,170.62,L
2025,16,5,4,170.62,115.4,W
2025,16,3,6,138.96,108.24,W
2025,16,6,3,108.24,138.96,L
2025,16,2,9,138.58,157.5,L
2025,16,9,2,157.5,138.58,W
2025,17,8,1,141.78,98.38,W
2025,17,1,8,98.38,141.78,L
2025,17,12,11,101.02,184.22,L
2025,17,11,12,184.22,101.02,W
2025,17,7,10,149.48,114.98,W
2025,17,10,7,114.98,149.48,L
2025,17,3,5,108.42,111.18,L
2025,17,5,3,111.18,108.42,W
2025,17,4,9,103.8,139.84,L
2025,17,9,4,139.84,103.8,W
2025,17,2,6,80.36,115.38,L
2025,17,6,2,115.38,80.36,W
